shipment_index,top_risk_driver_1,top_risk_driver_1_shap,top_risk_driver_2,top_risk_driver_2_shap,top_risk_driver_3,top_risk_driver_3_shap,top_safety_driver_1,top_safety_driver_1_shap,top_safety_driver_2,top_safety_driver_2_shap,top_safety_driver_3,top_safety_driver_3_shap
3189,carrier_hist_otif,0.0299,carrier_id,0.0177,strategic_priority,0.003,quoted_cost,-0.0557,cost_per_mile_quoted,-0.0382,distance_x_carrier_risk,-0.0331
874,distance_miles,0.0103,planned_transit_days,0.0022,quarter,0.0013,carrier_hist_otif,-0.0565,lane_hist_avg_delay,-0.0353,utilization_pct,-0.0289
2864,distance_miles,0.009,planned_transit_days,0.0022,quarter,0.0015,utilization_pct,-0.0636,carrier_hist_otif,-0.0445,lane_hist_otif,-0.0399
1897,distance_miles,0.0042,quarter,0.0024,volume_band,-0.001,distance_x_carrier_risk,-0.071,utilization_pct,-0.0649,carrier_hist_otif,-0.0575
1149,distance_x_carrier_risk,0.0416,carrier_hist_otif,0.0213,service_sensitivity,0.0003,lane_carrier_hist_otif,-0.0588,lane_hist_otif,-0.0444,utilization_pct,-0.0367
1213,distance_x_carrier_risk,0.0786,carrier_hist_otif,0.0491,quoted_cost,0.0386,weight_util_ratio,-0.017,cost_per_mile_quoted,-0.0037,month,-0.003
1621,month,-0.0014,priority_flag,-0.0015,volume_band,-0.0018,distance_x_carrier_risk,-0.1081,carrier_hist_otif,-0.0869,quoted_cost,-0.0324
3714,month,0.0041,quarter,0.0013,distance_miles,0.001,distance_x_carrier_risk,-0.0994,carrier_hist_otif,-0.0722,cost_per_mile_quoted,-0.0448
3492,distance_x_carrier_risk,0.0652,carrier_hist_otif,0.0393,carrier_id,0.0382,utilization_pct,-0.0258,lane_id,-0.0238,lane_hist_otif,-0.0232
2812,distance_x_carrier_risk,0.046,lane_carrier_hist_otif,0.0196,carrier_hist_otif,0.0168,utilization_pct,-0.0233,cost_per_mile_quoted,-0.0233,weight_lbs,-0.0213
496,carrier_hist_otif,0.0196,carrier_id,0.0099,service_sensitivity,0.0001,quoted_cost,-0.0701,lane_hist_otif,-0.0369,month,-0.0352
3893,quarter,0.0045,month,-0.0003,priority_flag,-0.0011,distance_x_carrier_risk,-0.1111,carrier_hist_otif,-0.0839,cost_per_mile_quoted,-0.0315
1816,month,0.0039,planned_transit_days,0.0009,distance_miles,0.0004,distance_x_carrier_risk,-0.0527,carrier_hist_otif,-0.0506,carrier_hist_exception_rate,-0.0446
1521,month,0.0027,priority_flag,0.0004,quarter,-0.0004,distance_x_carrier_risk,-0.0962,carrier_hist_otif,-0.0621,quoted_cost,-0.0485
1146,priority_flag,0.0024,strategic_priority,0.0015,quarter,0.0007,distance_x_carrier_risk,-0.1214,carrier_hist_otif,-0.0689,quoted_cost,-0.0418
3248,carrier_hist_otif,0.0277,carrier_id,0.0083,quarter,0.0022,distance_x_carrier_risk,-0.1111,quoted_cost,-0.0518,lane_hist_avg_delay,-0.0423
296,carrier_id,0.0014,priority_flag,0.0007,service_sensitivity,-0.0007,distance_x_carrier_risk,-0.0744,quoted_cost,-0.0426,carrier_hist_otif,-0.04
1940,quarter,-0.0009,month,-0.001,service_sensitivity,-0.0012,distance_x_carrier_risk,-0.0852,quoted_cost,-0.0407,carrier_hist_exception_rate,-0.0373
2293,distance_miles,0.0066,lane_id,0.0046,priority_flag,0.0029,distance_x_carrier_risk,-0.0778,carrier_hist_otif,-0.0631,utilization_pct,-0.049
718,utilization_pct,0.0409,quoted_cost,0.0223,distance_miles,0.02,carrier_hist_otif,-0.0896,carrier_hist_exception_rate,-0.0483,cost_per_mile_quoted,-0.0308
3390,distance_x_carrier_risk,0.0512,carrier_hist_otif,0.0171,weight_util_ratio,0.0111,lane_hist_otif,-0.0435,lane_hist_avg_delay,-0.039,cost_per_mile_quoted,-0.0279
1592,service_sensitivity,-0.0014,priority_flag,-0.0016,month,-0.0017,distance_x_carrier_risk,-0.138,carrier_hist_otif,-0.0922,carrier_id,-0.0281
3955,priority_flag,0.0009,strategic_priority,-0.0002,quarter,-0.001,distance_x_carrier_risk,-0.1041,carrier_hist_otif,-0.0685,quoted_cost,-0.0397
827,lane_id,0.0012,priority_flag,0.0003,strategic_priority,0.0002,distance_x_carrier_risk,-0.1012,carrier_hist_otif,-0.0515,quoted_cost,-0.0375
1993,carrier_hist_otif,0.0216,carrier_id,0.0048,strategic_priority,0.0005,distance_x_carrier_risk,-0.0761,lane_carrier_hist_otif,-0.0341,lane_hist_avg_delay,-0.0326
35,service_sensitivity,0.0022,priority_flag,0.0013,volume_band,-0.0006,distance_x_carrier_risk,-0.1119,carrier_hist_otif,-0.0618,quoted_cost,-0.0427
2679,distance_miles,0.0058,planned_transit_days,0.0006,volume_band,0.0002,carrier_hist_otif,-0.0703,utilization_pct,-0.0517,lane_carrier_hist_otif,-0.0368
476,carrier_hist_otif,0.0036,carrier_id,0.0018,strategic_priority,0.0009,distance_x_carrier_risk,-0.084,quoted_cost,-0.0595,lane_hist_avg_delay,-0.0374
21,service_sensitivity,0.0041,priority_flag,0.0033,strategic_priority,-0.0,distance_x_carrier_risk,-0.0988,carrier_hist_otif,-0.0612,quoted_cost,-0.0405
1885,distance_x_carrier_risk,0.0363,utilization_pct,0.0304,quoted_cost,0.0209,carrier_hist_exception_rate,-0.0634,weight_util_ratio,-0.0269,month,-0.0176
2259,utilization_pct,0.0093,distance_miles,0.0058,weight_util_ratio,0.0026,lane_carrier_hist_otif,-0.0437,carrier_hist_otif,-0.0391,weight_lbs,-0.0354
3556,lane_hist_otif,0.0076,service_sensitivity,-0.0004,priority_flag,-0.0007,distance_x_carrier_risk,-0.0488,weight_lbs,-0.0405,carrier_hist_otif,-0.0294
508,distance_x_carrier_risk,0.0426,quoted_cost,0.0269,utilization_pct,0.0233,carrier_hist_otif,-0.1071,lane_carrier_hist_otif,-0.0245,cost_per_mile_quoted,-0.0237
660,distance_x_carrier_risk,0.0294,weight_lbs,0.0022,strategic_priority,0.0011,carrier_hist_otif,-0.0557,lane_hist_otif,-0.0441,lane_carrier_hist_otif,-0.0388
3540,carrier_hist_otif,0.0311,volume_band,0.0019,lane_hist_otif,0.001,lane_carrier_hist_otif,-0.0562,cost_per_mile_quoted,-0.0238,quoted_cost,-0.023
1872,quarter,0.0003,month,-0.0001,strategic_priority,-0.0002,distance_x_carrier_risk,-0.0701,carrier_hist_exception_rate,-0.0373,quoted_cost,-0.03
1912,utilization_pct,0.057,lane_id,0.0056,lane_hist_otif,0.0042,carrier_hist_otif,-0.0551,distance_x_carrier_risk,-0.0474,carrier_hist_exception_rate,-0.0466
109,priority_flag,0.0004,volume_band,-0.0007,strategic_priority,-0.0012,distance_x_carrier_risk,-0.0853,utilization_pct,-0.039,quoted_cost,-0.0331
2277,distance_miles,0.0061,planned_transit_days,0.0012,lane_id,0.0006,lane_carrier_hist_otif,-0.0434,carrier_hist_otif,-0.0429,utilization_pct,-0.0308
2409,distance_x_carrier_risk,0.0345,carrier_hist_otif,0.0134,planned_transit_days,0.0013,lane_hist_otif,-0.0507,month,-0.0377,cost_per_mile_quoted,-0.035
1184,month,-0.0004,quarter,-0.0004,volume_band,-0.0012,distance_x_carrier_risk,-0.1411,carrier_hist_otif,-0.0884,carrier_id,-0.0373
2981,distance_x_carrier_risk,0.0577,carrier_hist_otif,0.0363,carrier_id,0.0198,lane_hist_otif,-0.0516,lane_hist_avg_delay,-0.0405,utilization_pct,-0.034
466,distance_miles,0.0054,planned_transit_days,-0.0005,volume_band,-0.0016,distance_x_carrier_risk,-0.1066,carrier_hist_otif,-0.0821,utilization_pct,-0.0423
797,quarter,-0.0009,service_sensitivity,-0.0013,strategic_priority,-0.0019,distance_x_carrier_risk,-0.1192,carrier_hist_otif,-0.0835,quoted_cost,-0.0334
2999,carrier_hist_otif,0.0426,lane_hist_otif,0.0127,distance_x_carrier_risk,0.012,lane_carrier_hist_otif,-0.0482,utilization_pct,-0.0255,quoted_cost,-0.0136
2581,priority_flag,0.0018,service_sensitivity,0.0009,strategic_priority,-0.0013,distance_x_carrier_risk,-0.1052,carrier_hist_otif,-0.0655,quoted_cost,-0.0382
841,distance_x_carrier_risk,0.0419,carrier_hist_otif,0.0014,carrier_id,-0.0002,lane_carrier_hist_otif,-0.0617,lane_hist_otif,-0.0551,utilization_pct,-0.0443
2561,planned_transit_days,0.0014,distance_miles,0.0009,volume_band,-0.0003,lane_carrier_hist_otif,-0.0552,carrier_hist_otif,-0.0465,carrier_hist_exception_rate,-0.0382
3062,carrier_hist_otif,0.0325,distance_x_carrier_risk,0.0138,lane_hist_otif,0.0114,lane_carrier_hist_otif,-0.0425,weight_lbs,-0.0224,quoted_cost,-0.0173
431,service_sensitivity,-0.0014,volume_band,-0.0016,strategic_priority,-0.002,distance_x_carrier_risk,-0.1232,carrier_hist_otif,-0.0894,cost_per_mile_quoted,-0.0359
1027,cost_per_mile_quoted,0.0046,distance_miles,0.0043,planned_transit_days,0.0026,carrier_hist_otif,-0.0672,carrier_hist_exception_rate,-0.0515,lane_carrier_hist_otif,-0.0324
2673,distance_miles,0.004,planned_transit_days,0.0009,service_sensitivity,-0.0009,carrier_hist_otif,-0.0531,lane_carrier_hist_otif,-0.053,weight_lbs,-0.035
1135,planned_transit_days,-0.0005,priority_flag,-0.0014,volume_band,-0.0014,distance_x_carrier_risk,-0.1427,carrier_hist_otif,-0.0818,cost_per_mile_quoted,-0.0382
3387,quoted_cost,0.0214,distance_miles,0.0082,month,-0.0005,utilization_pct,-0.0661,carrier_hist_otif,-0.0656,distance_x_carrier_risk,-0.0605
2186,lane_hist_avg_delay,0.0039,lane_id,0.0034,strategic_priority,-0.0007,distance_x_carrier_risk,-0.0917,carrier_hist_otif,-0.0542,cost_per_mile_quoted,-0.0373
2946,volume_band,-0.0012,service_sensitivity,-0.0014,strategic_priority,-0.002,distance_x_carrier_risk,-0.1283,carrier_hist_otif,-0.08,cost_per_mile_quoted,-0.0414
3344,distance_miles,0.0017,month,-0.0001,planned_transit_days,-0.0002,distance_x_carrier_risk,-0.1063,carrier_hist_otif,-0.0802,cost_per_mile_quoted,-0.0433
1408,lane_hist_avg_delay,0.0278,lane_id,0.0064,month,-0.0003,distance_x_carrier_risk,-0.0987,carrier_hist_otif,-0.0633,utilization_pct,-0.0243
3582,priority_flag,0.0006,service_sensitivity,-0.0013,strategic_priority,-0.0015,distance_x_carrier_risk,-0.0988,quoted_cost,-0.0453,carrier_hist_otif,-0.0398
2181,service_sensitivity,-0.0006,strategic_priority,-0.001,priority_flag,-0.0011,distance_x_carrier_risk,-0.1109,carrier_hist_otif,-0.0703,cost_per_mile_quoted,-0.0331
1963,distance_x_carrier_risk,0.053,utilization_pct,0.0208,carrier_id,0.0154,lane_hist_otif,-0.0416,weight_lbs,-0.0375,weight_util_ratio,-0.0347
2350,weight_util_ratio,0.0042,distance_miles,0.0019,volume_band,0.0006,distance_x_carrier_risk,-0.0832,carrier_hist_otif,-0.0718,utilization_pct,-0.0468
569,utilization_pct,0.0307,distance_miles,0.0058,lane_id,0.0033,distance_x_carrier_risk,-0.1182,carrier_hist_otif,-0.0785,cost_per_mile_quoted,-0.0316
2390,distance_x_carrier_risk,0.0541,carrier_id,0.022,carrier_hist_otif,0.0197,lane_hist_otif,-0.0431,month,-0.0337,weight_lbs,-0.0313
3682,planned_transit_days,0.0026,distance_miles,0.0006,cost_per_mile_quoted,0.0005,carrier_hist_otif,-0.0526,lane_carrier_hist_otif,-0.0419,distance_x_carrier_risk,-0.0411
854,carrier_hist_otif,0.0201,utilization_pct,0.0032,strategic_priority,0.0006,distance_x_carrier_risk,-0.0937,quoted_cost,-0.0581,lane_hist_avg_delay,-0.0362
3072,carrier_hist_otif,0.0238,carrier_id,0.0137,strategic_priority,0.0023,quoted_cost,-0.0577,cost_per_mile_quoted,-0.0362,distance_x_carrier_risk,-0.0352
3766,distance_x_carrier_risk,0.0621,carrier_hist_otif,0.0247,lane_carrier_hist_otif,0.0218,lane_hist_otif,-0.0409,utilization_pct,-0.0228,lane_hist_avg_delay,-0.0206
2174,service_sensitivity,-0.0008,priority_flag,-0.0008,strategic_priority,-0.001,distance_x_carrier_risk,-0.0976,carrier_hist_otif,-0.0729,cost_per_mile_quoted,-0.0302
679,lane_carrier_hist_otif,0.0107,lane_id,0.0086,distance_x_carrier_risk,0.0052,carrier_hist_otif,-0.0366,lane_hist_otif,-0.0338,lane_hist_avg_delay,-0.0257
3170,carrier_hist_otif,0.0451,carrier_id,0.0102,month,0.0089,quoted_cost,-0.0385,lane_carrier_hist_otif,-0.0278,cost_per_mile_quoted,-0.0126
3508,distance_x_carrier_risk,0.0484,lane_carrier_hist_otif,0.0297,carrier_hist_otif,0.029,weight_util_ratio,-0.0434,utilization_pct,-0.0362,lane_hist_otif,-0.0339
1163,carrier_hist_otif,0.0296,month,0.0074,quarter,0.0063,quoted_cost,-0.039,lane_hist_otif,-0.0287,lane_hist_avg_delay,-0.0236
330,utilization_pct,0.0374,base_risk_band,0.0179,distance_miles,0.0173,carrier_hist_exception_rate,-0.0765,carrier_hist_otif,-0.0676,month,-0.0406
201,distance_miles,0.0054,service_sensitivity,-0.0009,planned_transit_days,-0.0013,carrier_hist_exception_rate,-0.0604,distance_x_carrier_risk,-0.038,weight_lbs,-0.0334
1045,distance_x_carrier_risk,0.0687,carrier_hist_otif,0.0272,quarter,0.0062,utilization_pct,-0.0435,weight_lbs,-0.028,quoted_cost,-0.0249
704,distance_x_carrier_risk,0.0643,carrier_id,0.0266,carrier_hist_otif,0.0254,lane_hist_otif,-0.0506,lane_hist_avg_delay,-0.0344,weight_util_ratio,-0.0228
3523,distance_x_carrier_risk,0.0665,carrier_hist_otif,0.04,carrier_id,0.0324,utilization_pct,-0.0456,weight_lbs,-0.045,lane_hist_otif,-0.0227
668,strategic_priority,-0.0007,priority_flag,-0.001,service_sensitivity,-0.0011,carrier_hist_otif,-0.061,distance_x_carrier_risk,-0.0512,weight_lbs,-0.0333
418,distance_x_carrier_risk,0.0146,lane_carrier_hist_otif,0.0104,lane_id,0.0054,carrier_hist_otif,-0.0967,month,-0.0312,weight_lbs,-0.0308
1656,carrier_hist_otif,0.0484,carrier_id,0.0186,month,0.0069,distance_x_carrier_risk,-0.0613,quoted_cost,-0.0554,cost_per_mile_quoted,-0.0254
1890,distance_x_carrier_risk,0.0492,lane_carrier_hist_otif,0.0269,carrier_hist_otif,0.0211,weight_util_ratio,-0.043,carrier_hist_exception_rate,-0.0351,utilization_pct,-0.029
3859,carrier_hist_otif,0.0209,volume_band,-0.0003,lane_id,-0.0009,lane_carrier_hist_otif,-0.0719,lane_hist_otif,-0.0375,month,-0.0196
1243,distance_x_carrier_risk,0.063,utilization_pct,0.0348,distance_miles,0.0255,weight_util_ratio,-0.0216,weight_lbs,-0.0191,month,-0.0132
3793,month,0.0139,distance_miles,0.009,quarter,0.0044,lane_hist_otif,-0.0401,cost_per_mile_quoted,-0.0329,lane_carrier_hist_otif,-0.0282
3050,quarter,-0.0015,planned_transit_days,-0.0025,volume_band,-0.0026,distance_x_carrier_risk,-0.1184,carrier_hist_otif,-0.0734,cost_per_mile_quoted,-0.0437
3716,distance_miles,0.009,volume_band,0.003,month,0.0025,distance_x_carrier_risk,-0.0713,carrier_hist_otif,-0.0625,lane_hist_otif,-0.0445
1025,distance_x_carrier_risk,0.0647,carrier_hist_otif,0.0332,distance_miles,0.0023,utilization_pct,-0.0434,weight_lbs,-0.0273,lane_hist_avg_delay,-0.0187
2755,service_sensitivity,-0.0009,volume_band,-0.0014,strategic_priority,-0.0016,distance_x_carrier_risk,-0.1432,carrier_hist_otif,-0.0792,cost_per_mile_quoted,-0.0483
1168,carrier_hist_otif,0.0258,month,0.0036,quarter,0.002,quoted_cost,-0.0351,lane_hist_avg_delay,-0.0318,lane_carrier_hist_otif,-0.0271
1983,distance_x_carrier_risk,0.0406,carrier_id,0.0085,carrier_hist_otif,0.0074,lane_hist_otif,-0.0578,quoted_cost,-0.0367,lane_hist_avg_delay,-0.0353
1323,month,0.0024,quarter,0.0002,service_sensitivity,-0.0005,distance_x_carrier_risk,-0.1019,carrier_hist_otif,-0.0714,utilization_pct,-0.0401
2290,quoted_cost,0.025,planned_transit_days,0.0156,distance_miles,0.0134,carrier_hist_otif,-0.0715,month,-0.0507,carrier_hist_exception_rate,-0.0369
2449,carrier_hist_otif,0.029,carrier_id,0.0098,weight_lbs,0.0078,quoted_cost,-0.067,cost_per_mile_quoted,-0.0385,carrier_hist_exception_rate,-0.0351
1332,distance_x_carrier_risk,0.0397,carrier_hist_otif,0.0362,carrier_id,0.0218,carrier_hist_exception_rate,-0.0458,lane_hist_avg_delay,-0.0416,quoted_cost,-0.0342
2203,distance_miles,0.0044,planned_transit_days,-0.0012,volume_band,-0.0012,distance_x_carrier_risk,-0.069,carrier_hist_otif,-0.0608,utilization_pct,-0.0393
306,distance_miles,0.004,planned_transit_days,-0.0013,volume_band,-0.0018,distance_x_carrier_risk,-0.1054,carrier_hist_otif,-0.0782,cost_per_mile_quoted,-0.0476
601,planned_transit_days,-0.0002,service_sensitivity,-0.0011,volume_band,-0.0012,distance_x_carrier_risk,-0.1464,carrier_hist_otif,-0.0806,cost_per_mile_quoted,-0.0431
917,carrier_hist_otif,0.0404,quarter,0.0081,distance_x_carrier_risk,0.007,utilization_pct,-0.0349,lane_carrier_hist_otif,-0.0328,quoted_cost,-0.024
1798,distance_x_carrier_risk,0.0558,lane_carrier_hist_otif,0.0267,carrier_hist_otif,0.0181,carrier_hist_exception_rate,-0.0366,weight_util_ratio,-0.0312,quoted_cost,-0.0275
3709,distance_x_carrier_risk,0.0488,utilization_pct,0.0363,carrier_hist_otif,0.0176,lane_hist_avg_delay,-0.0309,cost_per_mile_quoted,-0.0283,weight_util_ratio,-0.0118
2059,distance_x_carrier_risk,0.0704,carrier_hist_otif,0.0441,carrier_id,0.0437,month,-0.0318,quarter,-0.0185,utilization_pct,-0.018
1279,month,0.0005,quarter,0.0001,volume_band,-0.001,distance_x_carrier_risk,-0.1295,carrier_hist_otif,-0.0949,carrier_id,-0.0341
2664,weight_util_ratio,0.0032,lane_id,-0.0011,service_sensitivity,-0.0013,distance_x_carrier_risk,-0.1086,carrier_hist_otif,-0.0736,cost_per_mile_quoted,-0.0432
19,distance_x_carrier_risk,0.0464,distance_miles,0.0024,planned_transit_days,0.0021,carrier_hist_otif,-0.0565,carrier_hist_exception_rate,-0.0529,lane_carrier_hist_otif,-0.0381
3384,carrier_hist_otif,0.0292,distance_x_carrier_risk,0.0114,month,0.0022,lane_carrier_hist_otif,-0.0586,lane_hist_avg_delay,-0.0421,lane_hist_otif,-0.0354
245,distance_x_carrier_risk,0.0222,lane_id,0.005,volume_band,0.0011,carrier_hist_otif,-0.0914,month,-0.0352,quoted_cost,-0.017
1625,distance_miles,0.0081,lane_id,0.0041,quarter,0.0027,carrier_hist_otif,-0.0529,cost_per_mile_quoted,-0.0363,lane_hist_avg_delay,-0.033
672,distance_x_carrier_risk,0.0677,cost_per_mile_quoted,0.0068,month,0.0054,carrier_hist_otif,-0.0459,utilization_pct,-0.0439,weight_lbs,-0.0252
1568,lane_hist_otif,0.0135,month,0.0062,distance_miles,0.0024,carrier_hist_otif,-0.0598,distance_x_carrier_risk,-0.0358,carrier_hist_exception_rate,-0.0214
1313,lane_id,0.0053,distance_miles,0.0032,strategic_priority,0.0018,carrier_hist_otif,-0.0603,carrier_hist_exception_rate,-0.0513,lane_carrier_hist_otif,-0.0475
3646,month,0.008,quarter,0.0029,planned_transit_days,0.0017,distance_x_carrier_risk,-0.1187,carrier_hist_otif,-0.0779,cost_per_mile_quoted,-0.0387
3534,month,0.0106,distance_miles,0.0025,quarter,-0.0,distance_x_carrier_risk,-0.0708,utilization_pct,-0.0659,carrier_hist_otif,-0.0653
2752,distance_miles,0.004,lane_id,0.004,strategic_priority,0.0037,cost_per_mile_quoted,-0.0527,carrier_hist_otif,-0.0501,lane_carrier_hist_otif,-0.0357
2903,distance_x_carrier_risk,0.0544,carrier_hist_otif,0.0265,carrier_id,0.0159,lane_hist_otif,-0.0593,utilization_pct,-0.031,month,-0.0261
47,service_sensitivity,-0.0003,strategic_priority,-0.0011,priority_flag,-0.0016,distance_x_carrier_risk,-0.0925,carrier_hist_otif,-0.062,quoted_cost,-0.0341
1967,distance_x_carrier_risk,0.0449,carrier_hist_otif,0.0197,carrier_id,0.0165,lane_hist_otif,-0.0592,lane_hist_avg_delay,-0.0371,utilization_pct,-0.0343
1247,distance_miles,0.0027,planned_transit_days,-0.0002,month,-0.001,distance_x_carrier_risk,-0.1112,carrier_hist_otif,-0.0731,cost_per_mile_quoted,-0.0464
3811,distance_miles,0.0034,planned_transit_days,-0.0002,service_sensitivity,-0.001,lane_carrier_hist_otif,-0.0646,utilization_pct,-0.0571,weight_lbs,-0.0418
3846,distance_miles,0.0021,volume_band,0.0005,quarter,-0.0008,distance_x_carrier_risk,-0.0811,carrier_hist_otif,-0.0687,cost_per_mile_quoted,-0.0399
3255,distance_x_carrier_risk,0.0237,lane_id,0.0146,carrier_hist_otif,0.0086,utilization_pct,-0.045,carrier_hist_exception_rate,-0.0414,lane_carrier_hist_otif,-0.0262
3036,carrier_hist_otif,0.0383,distance_x_carrier_risk,0.0149,lane_hist_otif,0.0111,lane_carrier_hist_otif,-0.037,utilization_pct,-0.0258,quoted_cost,-0.0228
1725,distance_x_carrier_risk,0.0515,carrier_id,0.0129,lane_carrier_hist_otif,0.0107,carrier_hist_exception_rate,-0.0746,weight_lbs,-0.027,weight_util_ratio,-0.0263
1074,distance_x_carrier_risk,0.0648,carrier_hist_otif,0.0489,carrier_id,0.0345,cost_per_mile_quoted,-0.0426,utilization_pct,-0.0218,weight_lbs,-0.0161
3391,carrier_hist_otif,0.0336,carrier_id,0.0107,strategic_priority,0.0005,distance_x_carrier_risk,-0.0952,lane_hist_avg_delay,-0.0403,weight_util_ratio,-0.03
697,lane_id,0.0025,priority_flag,0.0007,strategic_priority,0.0002,distance_x_carrier_risk,-0.0843,carrier_hist_otif,-0.0615,utilization_pct,-0.0376
3364,distance_x_carrier_risk,0.0558,carrier_hist_otif,0.0292,lane_carrier_hist_otif,0.0158,carrier_hist_exception_rate,-0.0432,lane_hist_avg_delay,-0.0316,lane_hist_otif,-0.0226
2052,service_sensitivity,-0.0008,priority_flag,-0.001,strategic_priority,-0.0013,distance_x_carrier_risk,-0.1055,carrier_hist_otif,-0.0659,distance_miles,-0.0294
703,utilization_pct,0.0234,distance_x_carrier_risk,0.0121,distance_miles,0.0119,carrier_hist_otif,-0.0465,lane_carrier_hist_otif,-0.0301,carrier_hist_exception_rate,-0.0183
488,distance_x_carrier_risk,0.01,priority_flag,-0.0003,strategic_priority,-0.0005,carrier_hist_otif,-0.1067,month,-0.0313,lane_carrier_hist_otif,-0.0285
351,distance_x_carrier_risk,0.0174,lane_id,0.0054,lane_carrier_hist_otif,0.0046,carrier_hist_otif,-0.0883,month,-0.029,weight_lbs,-0.0243
2911,distance_miles,0.004,planned_transit_days,-0.0003,volume_band,-0.0005,distance_x_carrier_risk,-0.0751,carrier_hist_otif,-0.0597,cost_per_mile_quoted,-0.0449
314,service_sensitivity,-0.0006,utilization_pct,-0.0007,strategic_priority,-0.0011,distance_x_carrier_risk,-0.0795,carrier_hist_otif,-0.0704,carrier_hist_exception_rate,-0.037
576,distance_x_carrier_risk,0.0744,carrier_id,0.0326,carrier_hist_otif,0.0218,lane_carrier_hist_otif,-0.0309,weight_util_ratio,-0.0241,cost_per_mile_quoted,-0.0181
2935,planned_transit_days,-0.0005,distance_miles,-0.0015,volume_band,-0.0018,distance_x_carrier_risk,-0.1048,carrier_hist_otif,-0.0684,cost_per_mile_quoted,-0.0526
2021,distance_x_carrier_risk,0.0617,utilization_pct,0.0315,carrier_hist_otif,0.0303,carrier_hist_exception_rate,-0.0462,month,-0.0322,weight_util_ratio,-0.0216
1076,distance_x_carrier_risk,0.0385,utilization_pct,0.0277,carrier_hist_otif,0.0168,cost_per_mile_quoted,-0.036,lane_carrier_hist_otif,-0.0348,quoted_cost,-0.0272
1881,quarter,0.0075,distance_miles,0.0051,month,0.0023,distance_x_carrier_risk,-0.0673,carrier_hist_otif,-0.0545,utilization_pct,-0.0538
2994,distance_x_carrier_risk,0.0495,carrier_hist_otif,0.0286,lane_carrier_hist_otif,0.011,lane_hist_otif,-0.0334,utilization_pct,-0.0291,lane_hist_avg_delay,-0.0265
2289,planned_transit_days,-0.0013,service_sensitivity,-0.0014,volume_band,-0.0018,distance_x_carrier_risk,-0.1119,carrier_hist_otif,-0.0657,cost_per_mile_quoted,-0.0353
3216,carrier_hist_otif,0.0312,lane_hist_otif,0.0023,volume_band,0.0013,lane_carrier_hist_otif,-0.0507,weight_util_ratio,-0.0478,weight_lbs,-0.0442
1281,lane_hist_otif,0.004,distance_miles,0.0027,planned_transit_days,-0.0001,carrier_hist_otif,-0.0643,lane_carrier_hist_otif,-0.04,utilization_pct,-0.033
2544,priority_flag,0.0022,quarter,0.0007,strategic_priority,0.0003,distance_x_carrier_risk,-0.1033,carrier_hist_otif,-0.0714,utilization_pct,-0.0369
3161,distance_x_carrier_risk,0.061,lane_id,0.0147,carrier_hist_otif,0.0132,lane_hist_avg_delay,-0.0388,carrier_hist_exception_rate,-0.0316,lane_hist_otif,-0.0262
2103,distance_miles,0.007,planned_transit_days,0.0005,volume_band,-0.0003,carrier_hist_exception_rate,-0.0517,carrier_hist_otif,-0.049,lane_hist_otif,-0.0442
2447,service_sensitivity,-0.0005,strategic_priority,-0.001,priority_flag,-0.0014,distance_x_carrier_risk,-0.1083,carrier_hist_otif,-0.0665,quoted_cost,-0.0365
2674,distance_miles,0.0059,volume_band,0.0016,planned_transit_days,0.0014,lane_carrier_hist_otif,-0.0519,carrier_hist_otif,-0.0487,utilization_pct,-0.0351
1548,utilization_pct,0.0602,lane_id,0.0067,quarter,0.0013,carrier_hist_otif,-0.052,distance_x_carrier_risk,-0.0384,carrier_hist_exception_rate,-0.0358
227,distance_x_carrier_risk,0.043,carrier_id,0.0214,carrier_hist_otif,0.006,carrier_hist_exception_rate,-0.0753,month,-0.0348,lane_hist_avg_delay,-0.0331
3637,lane_hist_otif,0.0004,strategic_priority,-0.0008,priority_flag,-0.0009,distance_x_carrier_risk,-0.1162,carrier_hist_otif,-0.0497,quoted_cost,-0.0302
3260,planned_transit_days,-0.0004,volume_band,-0.0016,strategic_priority,-0.0022,distance_x_carrier_risk,-0.1151,carrier_hist_otif,-0.0777,carrier_id,-0.0281
1855,carrier_hist_otif,0.0206,priority_flag,0.0013,service_sensitivity,-0.0003,quoted_cost,-0.0501,carrier_hist_exception_rate,-0.031,distance_x_carrier_risk,-0.0302
2477,carrier_hist_otif,0.0317,lane_hist_otif,0.0128,distance_x_carrier_risk,0.0109,carrier_hist_exception_rate,-0.0625,month,-0.0353,utilization_pct,-0.0221
1032,priority_flag,0.0003,service_sensitivity,0.0,strategic_priority,-0.0009,distance_x_carrier_risk,-0.1128,carrier_hist_otif,-0.0634,quoted_cost,-0.0426
658,distance_x_carrier_risk,0.0702,carrier_id,0.0316,lane_carrier_hist_otif,0.0226,utilization_pct,-0.0183,month,-0.0156,weight_util_ratio,-0.0151
3224,distance_miles,0.0077,lane_carrier_hist_otif,0.0051,planned_transit_days,0.0015,utilization_pct,-0.0729,carrier_hist_otif,-0.0463,weight_lbs,-0.033
2874,distance_x_carrier_risk,0.0503,carrier_hist_otif,0.0108,lane_id,0.0099,cost_per_mile_quoted,-0.0418,carrier_hist_exception_rate,-0.0404,lane_hist_otif,-0.0343
3318,quarter,0.0,service_sensitivity,-0.0007,month,-0.0016,distance_x_carrier_risk,-0.1223,carrier_hist_otif,-0.0725,cost_per_mile_quoted,-0.043
589,distance_miles,0.004,planned_transit_days,0.0,volume_band,-0.001,distance_x_carrier_risk,-0.1075,carrier_hist_otif,-0.0742,cost_per_mile_quoted,-0.048
1577,lane_id,0.0076,month,0.0074,quarter,0.0044,distance_x_carrier_risk,-0.1094,carrier_hist_otif,-0.0845,cost_per_mile_quoted,-0.0359
3107,distance_miles,0.0054,volume_band,0.0003,service_sensitivity,-0.0012,carrier_hist_otif,-0.0726,distance_x_carrier_risk,-0.0671,cost_per_mile_quoted,-0.0486
1860,utilization_pct,0.0013,weight_lbs,-0.0003,priority_flag,-0.0008,distance_x_carrier_risk,-0.0899,carrier_hist_exception_rate,-0.0366,carrier_hist_otif,-0.0335
1266,volume_band,-0.0009,priority_flag,-0.0012,service_sensitivity,-0.0013,distance_x_carrier_risk,-0.1086,carrier_hist_otif,-0.0891,cost_per_mile_quoted,-0.0294
776,distance_x_carrier_risk,0.049,utilization_pct,0.0163,lane_id,0.0131,cost_per_mile_quoted,-0.0411,carrier_hist_otif,-0.0379,lane_hist_otif,-0.0325
171,distance_x_carrier_risk,0.0411,distance_miles,0.0017,planned_transit_days,0.0009,carrier_hist_otif,-0.0448,utilization_pct,-0.0367,lane_carrier_hist_otif,-0.0347
135,distance_x_carrier_risk,0.0404,utilization_pct,0.0249,lane_id,0.0026,carrier_hist_otif,-0.049,lane_hist_otif,-0.0332,carrier_hist_exception_rate,-0.0277
2487,distance_x_carrier_risk,0.051,carrier_hist_otif,0.0139,lane_hist_otif,0.0088,carrier_hist_exception_rate,-0.0497,month,-0.0436,cost_per_mile_quoted,-0.0253
3588,strategic_priority,-0.0002,priority_flag,-0.0009,service_sensitivity,-0.0011,distance_x_carrier_risk,-0.1048,carrier_hist_otif,-0.0455,weight_lbs,-0.0319
3113,lane_id,0.0074,volume_band,0.0022,priority_flag,0.0014,lane_carrier_hist_otif,-0.0459,carrier_hist_otif,-0.0455,distance_x_carrier_risk,-0.0288
3824,distance_x_carrier_risk,0.0585,carrier_hist_otif,0.0302,lane_id,0.0181,cost_per_mile_quoted,-0.0201,weight_util_ratio,-0.0177,utilization_pct,-0.0126
3339,utilization_pct,0.0395,lane_hist_avg_delay,0.0158,lane_hist_otif,0.0149,distance_x_carrier_risk,-0.1083,carrier_hist_otif,-0.0599,cost_per_mile_quoted,-0.0319
3874,month,0.0047,quarter,0.0032,planned_transit_days,0.0024,distance_x_carrier_risk,-0.1064,carrier_hist_otif,-0.0728,carrier_id,-0.025
3151,distance_miles,-0.0006,planned_transit_days,-0.0009,quarter,-0.0012,distance_x_carrier_risk,-0.0996,carrier_hist_otif,-0.0757,cost_per_mile_quoted,-0.0494
212,distance_x_carrier_risk,0.0033,volume_band,-0.0007,service_sensitivity,-0.0008,carrier_hist_otif,-0.0896,lane_hist_otif,-0.0356,lane_carrier_hist_otif,-0.0353
2408,distance_x_carrier_risk,0.064,carrier_hist_otif,0.041,carrier_id,0.0358,utilization_pct,-0.0362,lane_hist_otif,-0.036,month,-0.0357
1805,carrier_hist_otif,0.0196,strategic_priority,-0.0011,service_sensitivity,-0.0011,quoted_cost,-0.0512,carrier_hist_exception_rate,-0.0388,lane_carrier_hist_otif,-0.0381
963,cost_per_mile_quoted,0.0092,distance_miles,0.0062,planned_transit_days,0.003,utilization_pct,-0.0675,carrier_hist_otif,-0.0632,carrier_hist_exception_rate,-0.0364
419,distance_x_carrier_risk,0.0213,lane_carrier_hist_otif,0.0141,lane_id,0.0067,carrier_hist_otif,-0.0921,month,-0.0321,utilization_pct,-0.022
1516,priority_flag,0.0001,quarter,-0.0001,month,-0.0009,distance_x_carrier_risk,-0.097,carrier_hist_otif,-0.0612,quoted_cost,-0.0452
1974,distance_miles,0.0046,planned_transit_days,0.0003,service_sensitivity,-0.0015,lane_carrier_hist_otif,-0.0618,carrier_hist_exception_rate,-0.043,carrier_hist_otif,-0.0428
947,distance_miles,0.0039,planned_transit_days,0.0035,priority_flag,-0.0006,carrier_hist_otif,-0.0532,carrier_hist_exception_rate,-0.0342,lane_carrier_hist_otif,-0.0316
3422,month,0.0036,quarter,0.0019,distance_miles,-0.0003,distance_x_carrier_risk,-0.0926,carrier_hist_otif,-0.0684,cost_per_mile_quoted,-0.0429
3091,distance_x_carrier_risk,0.0506,carrier_hist_otif,0.0153,lane_id,0.0136,carrier_hist_exception_rate,-0.05,lane_hist_avg_delay,-0.0357,cost_per_mile_quoted,-0.0357
213,priority_flag,-0.0,strategic_priority,-0.0004,service_sensitivity,-0.0008,carrier_hist_otif,-0.0628,quoted_cost,-0.0455,utilization_pct,-0.0362
1765,month,0.0119,distance_miles,0.0099,lane_hist_avg_delay,0.0053,distance_x_carrier_risk,-0.0567,carrier_hist_otif,-0.0557,lane_hist_otif,-0.0375
1381,month,0.0008,utilization_pct,0.0006,quarter,-0.0004,distance_x_carrier_risk,-0.1186,carrier_hist_otif,-0.0782,quoted_cost,-0.037
1679,distance_x_carrier_risk,0.0555,month,0.0113,strategic_priority,0.0055,carrier_hist_exception_rate,-0.0736,lane_hist_avg_delay,-0.0311,weight_util_ratio,-0.0277
1797,lane_id,-0.0003,base_risk_band,-0.0014,priority_flag,-0.0016,distance_x_carrier_risk,-0.0589,carrier_hist_otif,-0.0403,lane_hist_otif,-0.0384
1832,distance_x_carrier_risk,0.056,carrier_hist_otif,0.0162,quarter,0.0115,carrier_hist_exception_rate,-0.0567,lane_hist_otif,-0.0386,utilization_pct,-0.0234
3657,carrier_hist_exception_rate,0.0053,month,0.0034,service_sensitivity,0.003,distance_x_carrier_risk,-0.0907,carrier_hist_otif,-0.0396,quoted_cost,-0.0294
726,strategic_priority,0.0001,service_sensitivity,-0.0002,priority_flag,-0.0013,distance_x_carrier_risk,-0.0982,carrier_hist_otif,-0.0754,quoted_cost,-0.0343
592,distance_miles,0.0084,planned_transit_days,0.0001,volume_band,-0.0003,distance_x_carrier_risk,-0.1123,carrier_hist_otif,-0.0803,utilization_pct,-0.0411
744,distance_miles,0.004,volume_band,-0.0002,planned_transit_days,-0.0003,distance_x_carrier_risk,-0.1169,carrier_hist_otif,-0.0872,utilization_pct,-0.0466
3243,utilization_pct,0.058,quoted_cost,0.0215,planned_transit_days,0.0214,carrier_hist_otif,-0.0691,carrier_hist_exception_rate,-0.0283,weight_util_ratio,-0.0266
2525,distance_x_carrier_risk,0.0561,carrier_hist_otif,0.0272,lane_carrier_hist_otif,0.0075,weight_lbs,-0.0398,lane_hist_otif,-0.0354,quoted_cost,-0.0265
3398,carrier_hist_otif,0.0199,distance_x_carrier_risk,0.0048,lane_id,0.002,lane_carrier_hist_otif,-0.0576,lane_hist_avg_delay,-0.0339,quoted_cost,-0.0225
3049,quarter,0.0015,planned_transit_days,0.0006,priority_flag,-0.0009,lane_carrier_hist_otif,-0.0638,carrier_hist_otif,-0.0515,utilization_pct,-0.0282
257,lane_id,0.0021,priority_flag,0.0008,strategic_priority,-0.0005,distance_x_carrier_risk,-0.061,quoted_cost,-0.0359,month,-0.0277
2463,distance_x_carrier_risk,0.0603,carrier_hist_otif,0.0212,distance_miles,0.0095,month,-0.0358,carrier_hist_exception_rate,-0.0334,lane_hist_otif,-0.0305
3178,planned_transit_days,-0.0009,quarter,-0.0014,volume_band,-0.0018,distance_x_carrier_risk,-0.1155,carrier_hist_otif,-0.0766,carrier_id,-0.0289
1726,carrier_hist_otif,0.0313,carrier_id,0.0026,priority_flag,0.0001,quoted_cost,-0.0495,carrier_hist_exception_rate,-0.0317,distance_x_carrier_risk,-0.0279
3186,carrier_hist_otif,0.0352,distance_x_carrier_risk,0.0151,lane_id,0.0047,lane_carrier_hist_otif,-0.0472,quoted_cost,-0.024,weight_util_ratio,-0.0202
550,carrier_id,0.0141,priority_flag,0.0007,quarter,0.0007,distance_x_carrier_risk,-0.0822,carrier_hist_otif,-0.0637,quoted_cost,-0.0399
818,distance_x_carrier_risk,0.0509,lane_carrier_hist_otif,0.0137,carrier_id,0.0038,carrier_hist_otif,-0.0514,lane_hist_avg_delay,-0.0291,cost_per_mile_quoted,-0.0202
3882,distance_x_carrier_risk,0.0668,carrier_hist_otif,0.0447,lane_carrier_hist_otif,0.03,weight_lbs,-0.0143,cost_per_mile_quoted,-0.0132,lane_hist_avg_delay,-0.007
3403,utilization_pct,0.0083,month,0.0037,quarter,0.0005,distance_x_carrier_risk,-0.1137,carrier_hist_otif,-0.0508,quoted_cost,-0.0355
1867,weight_lbs,0.0203,distance_miles,0.0189,planned_transit_days,0.0105,carrier_hist_otif,-0.0868,carrier_hist_exception_rate,-0.0471,distance_x_carrier_risk,-0.042
1748,distance_x_carrier_risk,0.0446,lane_carrier_hist_otif,0.0155,carrier_id,0.015,carrier_hist_exception_rate,-0.0703,cost_per_mile_quoted,-0.0295,quoted_cost,-0.0248
829,distance_x_carrier_risk,0.0522,weight_util_ratio,0.011,quarter,0.0001,lane_hist_otif,-0.0584,lane_carrier_hist_otif,-0.0553,carrier_hist_otif,-0.0455
3819,service_sensitivity,-0.0008,strategic_priority,-0.0008,priority_flag,-0.0012,distance_x_carrier_risk,-0.095,carrier_hist_otif,-0.0303,distance_miles,-0.0269
3045,carrier_hist_otif,0.0254,carrier_id,0.011,strategic_priority,-0.0009,distance_x_carrier_risk,-0.112,quoted_cost,-0.0711,distance_miles,-0.0439
1580,lane_hist_avg_delay,0.0178,month,0.0079,quarter,0.0009,distance_x_carrier_risk,-0.0994,carrier_hist_otif,-0.0736,lane_hist_otif,-0.0284
2445,carrier_hist_otif,0.0095,lane_id,0.002,volume_band,0.0005,lane_hist_otif,-0.0485,lane_carrier_hist_otif,-0.0472,month,-0.0373
3944,volume_band,-0.0009,strategic_priority,-0.0015,service_sensitivity,-0.0019,distance_x_carrier_risk,-0.1121,carrier_hist_otif,-0.0777,quoted_cost,-0.0314
1744,distance_x_carrier_risk,0.0445,carrier_hist_otif,0.0328,weight_util_ratio,0.0031,lane_carrier_hist_otif,-0.0525,lane_hist_otif,-0.05,carrier_hist_exception_rate,-0.0452
3802,distance_x_carrier_risk,0.0689,carrier_hist_otif,0.0415,carrier_id,0.0398,utilization_pct,-0.0485,weight_lbs,-0.0254,lane_hist_otif,-0.0227
1869,month,0.0016,quarter,-0.0002,service_sensitivity,-0.0009,distance_x_carrier_risk,-0.0866,quoted_cost,-0.041,carrier_hist_exception_rate,-0.032
1986,quarter,-0.0014,strategic_priority,-0.0017,service_sensitivity,-0.0017,distance_x_carrier_risk,-0.1071,carrier_hist_otif,-0.0716,carrier_hist_exception_rate,-0.0343
2504,distance_x_carrier_risk,0.0682,carrier_hist_otif,0.0482,carrier_id,0.0418,utilization_pct,-0.0229,weight_util_ratio,-0.0211,month,-0.0141
3618,month,0.0026,lane_id,-0.0015,quarter,-0.0015,distance_x_carrier_risk,-0.1264,carrier_hist_otif,-0.0716,cost_per_mile_quoted,-0.0349
3943,distance_x_carrier_risk,0.0468,carrier_hist_otif,0.0324,lane_carrier_hist_otif,0.0168,lane_hist_otif,-0.0478,utilization_pct,-0.0325,lane_hist_avg_delay,-0.0269
1126,distance_x_carrier_risk,0.0706,carrier_hist_otif,0.0441,carrier_id,0.034,lane_hist_avg_delay,-0.05,weight_util_ratio,-0.0307,weight_lbs,-0.0254
2250,distance_x_carrier_risk,0.0629,carrier_id,0.0344,carrier_hist_otif,0.0341,month,-0.043,quarter,-0.027,weight_lbs,-0.0193
3713,month,0.0029,distance_miles,0.0013,quarter,0.0007,distance_x_carrier_risk,-0.1024,carrier_hist_otif,-0.0679,cost_per_mile_quoted,-0.0423
1914,carrier_hist_otif,0.0135,priority_flag,0.0015,strategic_priority,-0.0005,quoted_cost,-0.0593,distance_x_carrier_risk,-0.0324,lane_hist_avg_delay,-0.0294
1100,cost_per_mile_quoted,0.0087,distance_miles,0.0058,planned_transit_days,0.0016,carrier_hist_otif,-0.0774,utilization_pct,-0.0623,carrier_hist_exception_rate,-0.0388
437,planned_transit_days,-0.0001,volume_band,-0.0011,service_sensitivity,-0.0018,distance_x_carrier_risk,-0.1346,carrier_hist_otif,-0.0871,cost_per_mile_quoted,-0.0381
1419,carrier_hist_otif,0.0245,carrier_id,0.012,month,0.0006,quoted_cost,-0.0674,distance_x_carrier_risk,-0.0403,lane_carrier_hist_otif,-0.0361
2608,utilization_pct,-0.0007,service_sensitivity,-0.0007,strategic_priority,-0.0014,distance_x_carrier_risk,-0.1387,carrier_hist_otif,-0.0814,cost_per_mile_quoted,-0.0423
1664,carrier_hist_otif,0.0045,lane_carrier_hist_otif,0.0036,quarter,0.0025,lane_hist_otif,-0.0533,carrier_hist_exception_rate,-0.0365,lane_hist_avg_delay,-0.0295
409,quoted_cost,0.0467,distance_miles,0.0259,distance_x_carrier_risk,0.0209,carrier_hist_exception_rate,-0.0578,carrier_hist_otif,-0.0437,month,-0.0297
3287,carrier_hist_otif,0.0322,distance_x_carrier_risk,0.0175,carrier_id,0.0037,lane_carrier_hist_otif,-0.0392,lane_hist_avg_delay,-0.0316,cost_per_mile_quoted,-0.024
1481,month,0.0074,quarter,0.0002,priority_flag,-0.0009,distance_x_carrier_risk,-0.107,carrier_hist_otif,-0.0661,carrier_hist_exception_rate,-0.045
3860,lane_hist_avg_delay,0.0285,month,0.014,distance_miles,0.0112,distance_x_carrier_risk,-0.0769,carrier_hist_otif,-0.0583,weight_util_ratio,-0.0251
691,distance_x_carrier_risk,0.0718,carrier_hist_otif,0.0475,carrier_id,0.0419,weight_lbs,-0.0185,weight_util_ratio,-0.0184,utilization_pct,-0.0136
3869,distance_x_carrier_risk,0.0632,carrier_hist_otif,0.0375,carrier_id,0.0334,utilization_pct,-0.0364,lane_hist_otif,-0.0301,weight_util_ratio,-0.0195
3635,carrier_hist_otif,0.0305,priority_flag,0.0006,carrier_id,0.0002,distance_x_carrier_risk,-0.0495,quoted_cost,-0.0466,utilization_pct,-0.0287
2615,priority_flag,0.0006,service_sensitivity,-0.0001,strategic_priority,-0.0014,distance_x_carrier_risk,-0.1095,carrier_hist_otif,-0.0447,quoted_cost,-0.0421
2523,service_sensitivity,-0.0009,priority_flag,-0.0011,volume_band,-0.0015,distance_x_carrier_risk,-0.0903,carrier_hist_otif,-0.0587,carrier_hist_exception_rate,-0.0398
2506,distance_miles,0.0063,planned_transit_days,0.0006,priority_flag,-0.0007,carrier_hist_otif,-0.0638,lane_carrier_hist_otif,-0.0445,carrier_hist_exception_rate,-0.0417
3680,carrier_hist_otif,0.0235,volume_band,0.0006,lane_id,-0.0006,lane_carrier_hist_otif,-0.0547,lane_hist_otif,-0.0411,lane_hist_avg_delay,-0.0278
2278,distance_x_carrier_risk,0.064,carrier_hist_otif,0.0216,lane_carrier_hist_otif,0.0136,carrier_hist_exception_rate,-0.0502,month,-0.0326,utilization_pct,-0.0241
1609,distance_miles,0.0088,lane_id,0.0052,strategic_priority,0.002,carrier_hist_otif,-0.0562,cost_per_mile_quoted,-0.0374,carrier_hist_exception_rate,-0.0336
850,lane_carrier_hist_otif,0.0022,distance_miles,0.0016,planned_transit_days,0.0003,distance_x_carrier_risk,-0.0532,carrier_hist_otif,-0.0478,utilization_pct,-0.025
3885,distance_x_carrier_risk,0.0702,carrier_hist_otif,0.0462,carrier_id,0.0408,weight_lbs,-0.0204,utilization_pct,-0.0148,weight_util_ratio,-0.0142
1817,utilization_pct,0.0543,quoted_cost,0.035,planned_transit_days,0.0197,carrier_hist_exception_rate,-0.051,carrier_hist_otif,-0.0395,cost_per_mile_quoted,-0.013
217,distance_x_carrier_risk,0.0502,distance_miles,0.0071,planned_transit_days,0.0003,carrier_hist_otif,-0.0671,month,-0.0319,lane_carrier_hist_otif,-0.0275
2778,lane_id,0.0078,weight_lbs,0.0066,lane_hist_otif,0.0031,distance_x_carrier_risk,-0.0717,carrier_hist_otif,-0.0577,utilization_pct,-0.0274
2265,distance_x_carrier_risk,0.0667,carrier_hist_otif,0.0447,carrier_id,0.0339,month,-0.0391,utilization_pct,-0.0325,quarter,-0.0242
2683,lane_hist_avg_delay,0.0098,lane_id,0.009,priority_flag,0.0008,carrier_hist_otif,-0.0579,carrier_hist_exception_rate,-0.0464,distance_x_carrier_risk,-0.0368
3771,quoted_cost,0.0223,distance_miles,0.0079,quarter,0.0013,distance_x_carrier_risk,-0.066,carrier_hist_otif,-0.0654,utilization_pct,-0.0638
3439,month,0.0029,quarter,0.0012,service_sensitivity,-0.0004,distance_x_carrier_risk,-0.1186,carrier_hist_otif,-0.0374,quoted_cost,-0.0373
1144,carrier_hist_otif,0.0206,quarter,0.001,service_sensitivity,-0.0004,quoted_cost,-0.0384,weight_lbs,-0.0383,weight_util_ratio,-0.038
889,distance_x_carrier_risk,0.0578,carrier_hist_otif,0.0394,distance_miles,0.0186,cost_per_mile_quoted,-0.0339,weight_util_ratio,-0.0167,month,-0.0164
3822,distance_x_carrier_risk,0.0573,carrier_hist_otif,0.0394,carrier_id,0.037,weight_util_ratio,-0.0306,weight_lbs,-0.0303,lane_hist_otif,-0.026
3581,distance_x_carrier_risk,0.0726,carrier_hist_otif,0.0314,month,0.0249,utilization_pct,-0.0411,lane_hist_otif,-0.0337,lane_hist_avg_delay,-0.0231
3056,volume_band,-0.0001,distance_miles,-0.0007,service_sensitivity,-0.0009,distance_x_carrier_risk,-0.0961,carrier_hist_otif,-0.0726,utilization_pct,-0.0509
3241,distance_x_carrier_risk,0.0668,carrier_hist_otif,0.0454,carrier_id,0.0391,weight_util_ratio,-0.01,lane_hist_avg_delay,-0.0092,quoted_cost,-0.0045
1851,quoted_cost,0.0159,distance_miles,0.0142,base_risk_band,0.0101,carrier_hist_otif,-0.0597,carrier_hist_exception_rate,-0.0387,cost_per_mile_quoted,-0.0257
1415,carrier_hist_otif,0.0394,carrier_id,0.0203,cost_per_mile_quoted,0.0063,distance_x_carrier_risk,-0.0602,weight_util_ratio,-0.0233,utilization_pct,-0.0227
2995,distance_miles,0.0085,utilization_pct,0.0036,lane_id,0.0023,carrier_hist_otif,-0.0408,lane_hist_avg_delay,-0.036,lane_hist_otif,-0.0298
2660,distance_x_carrier_risk,0.0652,carrier_hist_otif,0.0409,lane_carrier_hist_otif,0.0162,utilization_pct,-0.0425,lane_hist_otif,-0.0321,quoted_cost,-0.0262
2517,weight_util_ratio,0.0109,volume_band,0.0015,distance_miles,0.0007,distance_x_carrier_risk,-0.0998,carrier_hist_otif,-0.0746,cost_per_mile_quoted,-0.0451
936,distance_miles,0.0148,utilization_pct,0.0101,distance_x_carrier_risk,0.0074,carrier_hist_otif,-0.0591,quoted_cost,-0.0234,carrier_hist_exception_rate,-0.0206
3108,priority_flag,0.0017,quarter,0.0015,service_sensitivity,0.0006,distance_x_carrier_risk,-0.0969,carrier_hist_otif,-0.0643,quoted_cost,-0.036
1285,distance_miles,0.0058,planned_transit_days,0.0025,cost_per_mile_quoted,0.0003,carrier_hist_otif,-0.0633,utilization_pct,-0.0564,weight_util_ratio,-0.0301
856,lane_hist_otif,0.0073,distance_miles,0.0046,cost_per_mile_quoted,0.0045,carrier_hist_otif,-0.041,distance_x_carrier_risk,-0.0405,weight_lbs,-0.0303
633,service_sensitivity,-0.0003,strategic_priority,-0.0014,priority_flag,-0.0016,distance_x_carrier_risk,-0.0983,carrier_hist_otif,-0.0672,quoted_cost,-0.0367
919,distance_x_carrier_risk,0.0515,carrier_id,0.0266,carrier_hist_otif,0.0185,lane_hist_otif,-0.0512,lane_id,-0.0297,cost_per_mile_quoted,-0.0254
2182,distance_x_carrier_risk,0.0449,carrier_hist_otif,0.0196,lane_carrier_hist_otif,0.014,carrier_hist_exception_rate,-0.0676,month,-0.0437,lane_hist_otif,-0.03
1861,utilization_pct,0.048,lane_hist_avg_delay,0.0121,weight_util_ratio,0.0015,distance_x_carrier_risk,-0.0849,carrier_hist_otif,-0.0438,carrier_hist_exception_rate,-0.0359
686,distance_x_carrier_risk,0.0556,distance_miles,0.0038,planned_transit_days,0.0014,carrier_hist_otif,-0.0549,utilization_pct,-0.0396,lane_carrier_hist_otif,-0.0329
34,distance_x_carrier_risk,0.0601,distance_miles,0.0066,carrier_id,0.0038,carrier_hist_otif,-0.0615,carrier_hist_exception_rate,-0.0335,utilization_pct,-0.0306
606,distance_x_carrier_risk,0.0494,lane_carrier_hist_otif,0.0216,lane_hist_otif,0.0073,carrier_hist_otif,-0.0853,utilization_pct,-0.0323,cost_per_mile_quoted,-0.018
1205,planned_transit_days,-0.0008,quarter,-0.0008,service_sensitivity,-0.0014,distance_x_carrier_risk,-0.1433,carrier_hist_otif,-0.0827,cost_per_mile_quoted,-0.0444
677,service_sensitivity,-0.0002,strategic_priority,-0.0012,quarter,-0.0015,distance_x_carrier_risk,-0.1025,carrier_hist_otif,-0.0689,quoted_cost,-0.034
1250,distance_x_carrier_risk,0.0611,lane_id,0.0179,carrier_hist_otif,0.0115,lane_hist_avg_delay,-0.0267,month,-0.01,weight_util_ratio,-0.0083
4,carrier_hist_otif,0.019,carrier_id,0.001,volume_band,-0.0,lane_hist_otif,-0.0518,month,-0.0369,quoted_cost,-0.0355
2992,distance_x_carrier_risk,0.0579,carrier_hist_otif,0.0119,distance_miles,0.0043,lane_hist_otif,-0.0477,utilization_pct,-0.0325,lane_hist_avg_delay,-0.0303
2207,carrier_hist_otif,0.0091,lane_id,0.0006,service_sensitivity,-0.0011,carrier_hist_exception_rate,-0.058,lane_hist_otif,-0.0498,lane_carrier_hist_otif,-0.0437
164,lane_id,0.0049,strategic_priority,0.002,priority_flag,0.0008,distance_x_carrier_risk,-0.1187,carrier_hist_otif,-0.072,cost_per_mile_quoted,-0.0329
2532,carrier_hist_otif,0.0389,quarter,0.0075,volume_band,0.0005,quoted_cost,-0.038,utilization_pct,-0.0259,carrier_hist_exception_rate,-0.0164
3354,lane_hist_avg_delay,0.0322,lane_id,0.0117,lane_hist_otif,0.0108,distance_x_carrier_risk,-0.0942,carrier_hist_otif,-0.0682,cost_per_mile_quoted,-0.0382
3835,distance_x_carrier_risk,0.0683,carrier_hist_otif,0.04,carrier_id,0.0271,weight_util_ratio,-0.0211,weight_lbs,-0.0119,utilization_pct,-0.0085
344,distance_miles,0.0154,utilization_pct,0.012,lane_id,0.0084,carrier_hist_otif,-0.0531,carrier_hist_exception_rate,-0.0461,month,-0.0246
2766,lane_id,0.0062,priority_flag,0.0024,strategic_priority,0.0019,distance_x_carrier_risk,-0.1191,carrier_hist_otif,-0.0695,cost_per_mile_quoted,-0.0568
2890,priority_flag,0.0009,service_sensitivity,-0.0009,quarter,-0.001,distance_x_carrier_risk,-0.1094,carrier_hist_otif,-0.0451,quoted_cost,-0.0418
3752,month,0.0041,service_sensitivity,0.0019,priority_flag,0.0008,distance_x_carrier_risk,-0.1016,carrier_hist_otif,-0.0601,quoted_cost,-0.0401
2757,carrier_hist_exception_rate,0.0099,priority_flag,0.0022,quarter,0.0013,distance_x_carrier_risk,-0.1079,carrier_hist_otif,-0.0429,quoted_cost,-0.0273
2717,distance_x_carrier_risk,0.0527,carrier_hist_otif,0.0203,lane_carrier_hist_otif,0.0184,quoted_cost,-0.0206,utilization_pct,-0.0175,cost_per_mile_quoted,-0.0152
3678,distance_x_carrier_risk,0.0628,carrier_hist_otif,0.0325,utilization_pct,0.027,lane_hist_otif,-0.0402,cost_per_mile_quoted,-0.0396,lane_hist_avg_delay,-0.0197
3687,planned_transit_days,0.0019,service_sensitivity,-0.0005,month,-0.0011,carrier_hist_otif,-0.0522,lane_carrier_hist_otif,-0.0409,distance_x_carrier_risk,-0.0401
1849,priority_flag,0.0015,strategic_priority,-0.0002,service_sensitivity,-0.0005,distance_x_carrier_risk,-0.1022,carrier_hist_otif,-0.0681,quoted_cost,-0.0439
2951,distance_x_carrier_risk,0.0567,carrier_id,0.0376,carrier_hist_otif,0.0299,lane_hist_otif,-0.0529,utilization_pct,-0.033,lane_id,-0.0258
822,distance_miles,0.002,planned_transit_days,0.0001,volume_band,-0.0016,distance_x_carrier_risk,-0.1066,carrier_hist_otif,-0.074,cost_per_mile_quoted,-0.0464
2286,distance_miles,0.0038,volume_band,-0.0009,planned_transit_days,-0.0014,distance_x_carrier_risk,-0.0686,carrier_hist_otif,-0.0566,utilization_pct,-0.0503
3412,quoted_cost,0.0179,distance_miles,0.0153,base_risk_band,0.0086,carrier_hist_otif,-0.0677,carrier_hist_exception_rate,-0.0324,lane_carrier_hist_otif,-0.032
3795,distance_x_carrier_risk,0.0791,carrier_hist_otif,0.0459,carrier_id,0.0275,weight_lbs,-0.0201,utilization_pct,-0.016,weight_util_ratio,-0.0144
612,distance_x_carrier_risk,0.0555,distance_miles,0.0076,carrier_id,0.0061,carrier_hist_otif,-0.0645,utilization_pct,-0.0536,weight_util_ratio,-0.0328
3065,quarter,-0.0003,planned_transit_days,-0.0009,service_sensitivity,-0.0016,distance_x_carrier_risk,-0.1309,carrier_hist_otif,-0.0765,carrier_id,-0.0269
1549,utilization_pct,0.0478,distance_miles,0.01,lane_id,0.0064,carrier_hist_otif,-0.0454,carrier_hist_exception_rate,-0.0332,lane_carrier_hist_otif,-0.0288
564,utilization_pct,0.007,service_sensitivity,-0.0,strategic_priority,-0.0011,distance_x_carrier_risk,-0.0733,carrier_hist_otif,-0.0636,carrier_hist_exception_rate,-0.0269
1228,distance_x_carrier_risk,0.0701,carrier_id,0.0529,carrier_hist_otif,0.0443,cost_per_mile_quoted,-0.0181,utilization_pct,-0.0152,weight_util_ratio,-0.0143
410,quoted_cost,0.047,distance_miles,0.0246,planned_transit_days,0.0227,carrier_hist_otif,-0.0428,month,-0.03,weight_util_ratio,-0.0243
3283,month,0.0058,quarter,0.0041,lane_hist_otif,0.0026,distance_x_carrier_risk,-0.1016,carrier_hist_otif,-0.0504,quoted_cost,-0.0286
3322,distance_x_carrier_risk,0.0213,lane_id,0.0128,carrier_hist_otif,0.0124,carrier_hist_exception_rate,-0.039,cost_per_mile_quoted,-0.0385,quoted_cost,-0.0309
2423,distance_x_carrier_risk,0.0611,carrier_hist_otif,0.0355,carrier_id,0.0353,month,-0.0346,lane_hist_otif,-0.034,utilization_pct,-0.0331
1672,month,0.0011,quarter,-0.0003,strategic_priority,-0.0018,distance_x_carrier_risk,-0.1017,carrier_hist_otif,-0.0844,quoted_cost,-0.0325
3074,volume_band,0.0009,distance_miles,-0.0001,planned_transit_days,-0.0004,distance_x_carrier_risk,-0.1192,carrier_hist_otif,-0.0731,cost_per_mile_quoted,-0.0573
2273,carrier_hist_otif,0.0173,volume_band,0.0,service_sensitivity,-0.0004,quoted_cost,-0.0533,carrier_hist_exception_rate,-0.0422,month,-0.0343
2406,carrier_hist_otif,0.0195,carrier_id,0.0052,priority_flag,-0.0,distance_x_carrier_risk,-0.1027,quoted_cost,-0.0546,lane_hist_avg_delay,-0.0455
2252,distance_x_carrier_risk,0.0548,carrier_hist_otif,0.0316,carrier_id,0.0278,weight_lbs,-0.0468,lane_hist_otif,-0.0434,month,-0.0402
1847,distance_miles,0.0168,quoted_cost,0.0105,planned_transit_days,0.0094,carrier_hist_otif,-0.0917,carrier_hist_exception_rate,-0.0503,distance_x_carrier_risk,-0.0327
1051,distance_miles,0.0078,planned_transit_days,-0.0003,service_sensitivity,-0.0006,carrier_hist_otif,-0.0767,distance_x_carrier_risk,-0.0748,cost_per_mile_quoted,-0.0464
385,volume_band,-0.0001,service_sensitivity,-0.0011,strategic_priority,-0.0011,carrier_hist_otif,-0.0709,quoted_cost,-0.0439,utilization_pct,-0.0324
1687,carrier_hist_otif,0.0211,lane_id,0.0003,service_sensitivity,-0.0002,quoted_cost,-0.0491,carrier_hist_exception_rate,-0.0409,distance_x_carrier_risk,-0.0341
3916,distance_x_carrier_risk,0.0347,carrier_hist_otif,0.0265,weight_util_ratio,0.0041,lane_carrier_hist_otif,-0.0582,lane_hist_otif,-0.0547,cost_per_mile_quoted,-0.0434
3400,quarter,0.0008,service_sensitivity,-0.001,strategic_priority,-0.0018,distance_x_carrier_risk,-0.1247,carrier_hist_otif,-0.0808,cost_per_mile_quoted,-0.0409
36,service_sensitivity,-0.0008,strategic_priority,-0.0012,priority_flag,-0.0015,distance_x_carrier_risk,-0.1008,carrier_hist_otif,-0.073,quoted_cost,-0.0391
3960,distance_miles,0.0195,weight_lbs,0.0191,planned_transit_days,0.0118,carrier_hist_otif,-0.0834,lane_carrier_hist_otif,-0.0459,distance_x_carrier_risk,-0.0379
534,priority_flag,0.0012,service_sensitivity,0.0006,strategic_priority,-0.0011,distance_x_carrier_risk,-0.099,carrier_hist_otif,-0.0409,lane_carrier_hist_otif,-0.0389
1646,month,0.0109,distance_miles,0.0051,quarter,0.0035,distance_x_carrier_risk,-0.0804,carrier_hist_otif,-0.075,utilization_pct,-0.0381
2196,distance_miles,0.004,planned_transit_days,0.001,service_sensitivity,-0.0007,utilization_pct,-0.0558,lane_carrier_hist_otif,-0.0496,carrier_hist_otif,-0.0433
894,priority_flag,-0.0008,strategic_priority,-0.0009,service_sensitivity,-0.0011,distance_x_carrier_risk,-0.1235,carrier_hist_otif,-0.0721,carrier_id,-0.0291
3358,priority_flag,0.0008,service_sensitivity,-0.0007,strategic_priority,-0.0008,distance_x_carrier_risk,-0.0965,carrier_hist_otif,-0.0455,quoted_cost,-0.0366
2949,carrier_hist_exception_rate,0.003,service_sensitivity,0.0011,priority_flag,0.001,distance_x_carrier_risk,-0.1116,carrier_hist_otif,-0.0481,quoted_cost,-0.0339
3451,weight_util_ratio,0.0061,distance_miles,0.0028,volume_band,0.0021,distance_x_carrier_risk,-0.0904,carrier_hist_otif,-0.0715,cost_per_mile_quoted,-0.0274
1181,distance_miles,0.0065,volume_band,-0.0011,service_sensitivity,-0.0011,carrier_hist_otif,-0.0757,distance_x_carrier_risk,-0.0736,utilization_pct,-0.0664
2863,distance_x_carrier_risk,0.0607,carrier_hist_otif,0.0443,carrier_id,0.037,utilization_pct,-0.0327,lane_hist_otif,-0.0289,month,-0.0284
138,lane_hist_avg_delay,0.0153,lane_id,0.0116,utilization_pct,0.0054,distance_x_carrier_risk,-0.0881,carrier_hist_otif,-0.0526,cost_per_mile_quoted,-0.0326
1695,carrier_hist_otif,0.0297,volume_band,-0.0001,service_sensitivity,-0.0006,carrier_hist_exception_rate,-0.0666,lane_hist_otif,-0.0338,quoted_cost,-0.0286
1475,distance_x_carrier_risk,0.0466,carrier_hist_otif,0.0307,weight_util_ratio,0.0156,lane_hist_otif,-0.0498,lane_carrier_hist_otif,-0.0443,cost_per_mile_quoted,-0.0298
280,distance_miles,0.0029,planned_transit_days,0.0,volume_band,-0.0014,distance_x_carrier_risk,-0.1021,carrier_hist_otif,-0.0783,cost_per_mile_quoted,-0.0467
2548,carrier_hist_otif,0.0429,carrier_id,0.0242,weight_util_ratio,0.01,distance_x_carrier_risk,-0.0614,utilization_pct,-0.0185,quoted_cost,-0.0179
2558,distance_x_carrier_risk,0.0588,carrier_hist_otif,0.0296,carrier_id,0.0191,carrier_hist_exception_rate,-0.057,weight_lbs,-0.04,weight_util_ratio,-0.0284
526,lane_carrier_hist_otif,0.018,distance_x_carrier_risk,0.0176,lane_id,0.0051,carrier_hist_otif,-0.1069,quoted_cost,-0.023,carrier_hist_exception_rate,-0.0195
163,weight_lbs,0.0032,strategic_priority,0.0014,lane_id,0.0013,distance_x_carrier_risk,-0.1035,carrier_hist_otif,-0.0634,lane_hist_avg_delay,-0.0389
2962,distance_miles,-0.0005,volume_band,-0.0011,service_sensitivity,-0.0011,distance_x_carrier_risk,-0.1063,carrier_hist_otif,-0.0693,cost_per_mile_quoted,-0.0496
395,distance_x_carrier_risk,0.0349,distance_miles,0.0034,planned_transit_days,0.0015,carrier_hist_otif,-0.0709,lane_hist_avg_delay,-0.0383,lane_carrier_hist_otif,-0.0382
188,priority_flag,0.0,service_sensitivity,-0.0004,volume_band,-0.0009,distance_x_carrier_risk,-0.0764,quoted_cost,-0.0427,carrier_hist_otif,-0.0348
3030,distance_miles,0.0046,planned_transit_days,-0.0004,quarter,-0.0007,utilization_pct,-0.0769,lane_carrier_hist_otif,-0.0657,carrier_hist_otif,-0.0566
3355,carrier_hist_otif,0.0446,month,0.0102,carrier_id,0.0097,quoted_cost,-0.0425,cost_per_mile_quoted,-0.0232,utilization_pct,-0.0193
3182,distance_miles,0.0016,quarter,0.0006,volume_band,0.0006,distance_x_carrier_risk,-0.1022,carrier_hist_otif,-0.0669,cost_per_mile_quoted,-0.0533
2087,distance_miles,0.0035,planned_transit_days,0.0006,volume_band,0.0005,distance_x_carrier_risk,-0.0857,carrier_hist_otif,-0.0588,cost_per_mile_quoted,-0.04
520,distance_miles,0.0065,lane_id,0.0054,strategic_priority,0.0038,carrier_hist_otif,-0.0663,carrier_hist_exception_rate,-0.0564,lane_carrier_hist_otif,-0.0332
2005,distance_x_carrier_risk,0.0347,carrier_hist_otif,0.0125,lane_carrier_hist_otif,0.0059,carrier_hist_exception_rate,-0.0592,lane_hist_otif,-0.0521,month,-0.0324
3420,month,0.0012,distance_miles,0.0009,planned_transit_days,0.0003,distance_x_carrier_risk,-0.1061,carrier_hist_otif,-0.0707,cost_per_mile_quoted,-0.045
3892,carrier_hist_otif,0.0466,carrier_id,0.0258,lane_id,0.0017,quoted_cost,-0.0595,cost_per_mile_quoted,-0.0342,utilization_pct,-0.0302
1049,distance_miles,0.0071,planned_transit_days,-0.0004,service_sensitivity,-0.0006,carrier_hist_otif,-0.0695,utilization_pct,-0.0622,carrier_hist_exception_rate,-0.0397
1622,distance_x_carrier_risk,0.0561,carrier_id,0.038,carrier_hist_otif,0.0293,lane_hist_otif,-0.0456,lane_hist_avg_delay,-0.0274,utilization_pct,-0.0198
1221,distance_x_carrier_risk,0.0596,carrier_hist_otif,0.0221,distance_miles,0.0064,utilization_pct,-0.0372,cost_per_mile_quoted,-0.0276,lane_carrier_hist_otif,-0.0195
580,distance_x_carrier_risk,0.0527,lane_carrier_hist_otif,0.0163,distance_miles,0.0036,carrier_hist_otif,-0.0774,cost_per_mile_quoted,-0.0337,carrier_hist_exception_rate,-0.0222
491,distance_miles,0.0074,planned_transit_days,0.0006,priority_flag,-0.0015,carrier_hist_otif,-0.0713,utilization_pct,-0.0681,carrier_hist_exception_rate,-0.0466
2617,distance_miles,0.003,volume_band,-0.0001,planned_transit_days,-0.0012,distance_x_carrier_risk,-0.0765,carrier_hist_otif,-0.0663,cost_per_mile_quoted,-0.0383
2541,utilization_pct,0.0486,distance_miles,0.0085,lane_id,0.006,carrier_hist_exception_rate,-0.0479,carrier_hist_otif,-0.0385,cost_per_mile_quoted,-0.0331
2968,distance_miles,0.0068,strategic_priority,0.0029,lane_id,0.0021,lane_carrier_hist_otif,-0.0385,carrier_hist_otif,-0.0379,lane_hist_avg_delay,-0.0358
1971,priority_flag,0.0007,strategic_priority,-0.0003,service_sensitivity,-0.0003,distance_x_carrier_risk,-0.1048,quoted_cost,-0.0434,lane_hist_avg_delay,-0.0367
2049,utilization_pct,0.0434,planned_transit_days,0.0091,distance_miles,0.0085,carrier_hist_otif,-0.0937,carrier_hist_exception_rate,-0.0458,distance_x_carrier_risk,-0.0447
182,distance_x_carrier_risk,0.0489,distance_miles,0.0057,planned_transit_days,0.0007,carrier_hist_otif,-0.0435,lane_carrier_hist_otif,-0.0355,utilization_pct,-0.0342
2960,carrier_hist_exception_rate,0.0079,priority_flag,0.001,strategic_priority,0.001,distance_x_carrier_risk,-0.1124,carrier_hist_otif,-0.0549,quoted_cost,-0.0309
2100,distance_x_carrier_risk,0.0283,carrier_hist_otif,0.0144,planned_transit_days,0.0013,carrier_hist_exception_rate,-0.0629,lane_hist_otif,-0.0507,lane_carrier_hist_otif,-0.0504
211,distance_x_carrier_risk,0.0373,planned_transit_days,0.0019,distance_miles,0.0016,carrier_hist_otif,-0.0642,lane_hist_avg_delay,-0.0397,lane_carrier_hist_otif,-0.0351
514,distance_x_carrier_risk,0.0464,carrier_id,0.0376,carrier_hist_otif,0.022,lane_hist_avg_delay,-0.042,lane_carrier_hist_otif,-0.0369,quoted_cost,-0.0324
1319,quarter,0.0006,month,0.0002,lane_hist_otif,-0.0006,distance_x_carrier_risk,-0.1148,carrier_hist_otif,-0.0768,carrier_hist_exception_rate,-0.0275
93,distance_miles,0.0175,quoted_cost,0.0154,volume_band,0.0064,distance_x_carrier_risk,-0.0543,carrier_hist_otif,-0.0414,weight_lbs,-0.0236
2610,distance_miles,0.003,planned_transit_days,-0.001,priority_flag,-0.0013,utilization_pct,-0.0611,carrier_hist_otif,-0.0531,weight_lbs,-0.0296
2724,distance_miles,0.0062,distance_x_carrier_risk,0.0033,planned_transit_days,0.003,carrier_hist_otif,-0.0417,lane_hist_otif,-0.0393,lane_hist_avg_delay,-0.0337
2241,distance_miles,0.0044,volume_band,0.0005,planned_transit_days,-0.0002,distance_x_carrier_risk,-0.0896,carrier_hist_otif,-0.0631,cost_per_mile_quoted,-0.0411
3738,month,-0.0001,volume_band,-0.0017,service_sensitivity,-0.0018,distance_x_carrier_risk,-0.1306,carrier_hist_otif,-0.0779,cost_per_mile_quoted,-0.0376
2723,distance_x_carrier_risk,0.0699,carrier_hist_otif,0.032,lane_carrier_hist_otif,0.0112,lane_hist_otif,-0.0283,utilization_pct,-0.0237,weight_util_ratio,-0.0175
3175,carrier_hist_otif,0.0427,month,0.0087,carrier_id,0.0081,quoted_cost,-0.0378,lane_carrier_hist_otif,-0.0267,cost_per_mile_quoted,-0.0186
2306,distance_miles,0.0044,priority_flag,-0.0007,planned_transit_days,-0.0013,carrier_hist_otif,-0.0549,lane_hist_otif,-0.0402,utilization_pct,-0.0371
3751,distance_miles,0.0082,month,0.0053,quoted_cost,0.002,weight_lbs,-0.042,carrier_hist_otif,-0.0338,lane_carrier_hist_otif,-0.031
2120,distance_x_carrier_risk,0.0625,carrier_id,0.0376,carrier_hist_otif,0.0341,month,-0.0342,cost_per_mile_quoted,-0.0322,quarter,-0.024
1414,distance_x_carrier_risk,0.0564,carrier_hist_otif,0.0269,weight_util_ratio,0.012,lane_hist_avg_delay,-0.0458,cost_per_mile_quoted,-0.0327,lane_carrier_hist_otif,-0.0294
3573,distance_x_carrier_risk,0.0784,carrier_hist_otif,0.0524,quoted_cost,0.0403,priority_flag,-0.0028,weight_util_ratio,-0.0021,weight_lbs,-0.001
989,distance_x_carrier_risk,0.0395,carrier_hist_otif,0.0127,quarter,0.0011,lane_hist_otif,-0.0581,lane_carrier_hist_otif,-0.0563,cost_per_mile_quoted,-0.0392
2771,distance_miles,0.0078,weight_util_ratio,0.0008,volume_band,0.0005,distance_x_carrier_risk,-0.0709,carrier_hist_otif,-0.0622,lane_hist_otif,-0.0385
1952,priority_flag,0.0009,service_sensitivity,-0.0002,strategic_priority,-0.0014,distance_x_carrier_risk,-0.1007,carrier_hist_otif,-0.0591,quoted_cost,-0.0454
2342,utilization_pct,0.0089,distance_miles,0.0075,planned_transit_days,0.0016,carrier_hist_otif,-0.0466,carrier_hist_exception_rate,-0.0436,lane_hist_otif,-0.0371
1368,distance_x_carrier_risk,0.0746,carrier_hist_otif,0.059,lane_hist_otif,0.0328,carrier_hist_exception_rate,-0.0107,utilization_pct,-0.009,weight_util_ratio,-0.0069
913,utilization_pct,0.0403,lane_id,0.0095,distance_miles,0.0051,distance_x_carrier_risk,-0.1162,carrier_hist_otif,-0.0666,cost_per_mile_quoted,-0.0558
1128,quarter,-0.0007,volume_band,-0.0014,service_sensitivity,-0.0015,distance_x_carrier_risk,-0.1152,carrier_hist_otif,-0.0852,cost_per_mile_quoted,-0.035
3946,utilization_pct,0.0506,quoted_cost,0.0145,distance_miles,0.0124,carrier_hist_otif,-0.0575,carrier_hist_exception_rate,-0.0396,lane_carrier_hist_otif,-0.0307
3467,carrier_hist_otif,0.0348,carrier_id,0.0095,month,0.0069,distance_x_carrier_risk,-0.1071,lane_carrier_hist_otif,-0.0451,quoted_cost,-0.0438
1498,lane_hist_avg_delay,0.0157,lane_id,0.0035,month,0.0031,distance_x_carrier_risk,-0.0817,carrier_hist_otif,-0.0531,utilization_pct,-0.0387
2315,strategic_priority,-0.001,service_sensitivity,-0.001,priority_flag,-0.0011,distance_x_carrier_risk,-0.1276,carrier_hist_otif,-0.0744,carrier_id,-0.0262
236,priority_flag,0.0016,strategic_priority,0.0003,volume_band,-0.0009,distance_x_carrier_risk,-0.0774,quoted_cost,-0.0505,lane_hist_avg_delay,-0.03
1834,lane_hist_avg_delay,0.0234,lane_id,0.0062,month,0.0046,distance_x_carrier_risk,-0.0846,carrier_hist_otif,-0.0395,carrier_hist_exception_rate,-0.0373
11,distance_x_carrier_risk,0.0608,carrier_id,0.0385,strategic_priority,0.0002,carrier_hist_otif,-0.0859,carrier_hist_exception_rate,-0.0569,month,-0.0273
3782,month,0.0059,distance_miles,0.0031,quarter,0.0026,utilization_pct,-0.063,lane_carrier_hist_otif,-0.0531,carrier_hist_otif,-0.043
3222,carrier_hist_otif,0.0251,carrier_id,0.018,strategic_priority,0.0011,quoted_cost,-0.0604,cost_per_mile_quoted,-0.0376,distance_x_carrier_risk,-0.035
3291,distance_miles,0.0037,quarter,0.0006,planned_transit_days,-0.0008,lane_carrier_hist_otif,-0.0577,carrier_hist_otif,-0.041,utilization_pct,-0.0378
2010,carrier_hist_otif,0.0309,volume_band,0.0007,service_sensitivity,-0.0001,carrier_hist_exception_rate,-0.0424,quoted_cost,-0.038,lane_carrier_hist_otif,-0.0328
3500,volume_band,-0.0012,strategic_priority,-0.0012,service_sensitivity,-0.0018,distance_x_carrier_risk,-0.1122,carrier_hist_otif,-0.0805,cost_per_mile_quoted,-0.0308
2553,carrier_hist_otif,0.0225,quarter,0.0023,distance_x_carrier_risk,-0.0001,lane_hist_avg_delay,-0.0504,lane_carrier_hist_otif,-0.0497,lane_hist_otif,-0.034
2465,distance_x_carrier_risk,0.0483,carrier_hist_otif,0.021,planned_transit_days,0.0021,lane_hist_otif,-0.0497,month,-0.0351,weight_lbs,-0.0317
1757,distance_x_carrier_risk,0.0531,lane_carrier_hist_otif,0.0222,lane_id,0.0167,carrier_hist_exception_rate,-0.0555,weight_util_ratio,-0.0114,weight_lbs,-0.0105
1336,distance_x_carrier_risk,0.0583,carrier_hist_otif,0.0221,month,0.0039,lane_carrier_hist_otif,-0.0355,utilization_pct,-0.0241,weight_lbs,-0.0236
2399,distance_miles,0.0038,planned_transit_days,0.0006,volume_band,-0.0003,carrier_hist_otif,-0.0589,utilization_pct,-0.0558,lane_carrier_hist_otif,-0.0493
572,utilization_pct,0.0665,quoted_cost,0.0361,distance_miles,0.0284,carrier_hist_otif,-0.0478,month,-0.0236,cost_per_mile_quoted,-0.0217
642,weight_util_ratio,0.0068,distance_miles,0.0039,planned_transit_days,-0.0008,distance_x_carrier_risk,-0.1136,carrier_hist_otif,-0.0824,cost_per_mile_quoted,-0.0479
3267,planned_transit_days,0.0008,quarter,-0.0004,month,-0.0007,distance_x_carrier_risk,-0.1183,carrier_hist_otif,-0.0749,carrier_id,-0.0292
94,distance_x_carrier_risk,0.0495,distance_miles,0.0074,planned_transit_days,0.0019,carrier_hist_otif,-0.0597,carrier_hist_exception_rate,-0.0557,lane_carrier_hist_otif,-0.0224
3077,distance_x_carrier_risk,0.0552,carrier_hist_otif,0.0112,distance_miles,0.0068,lane_hist_otif,-0.0544,lane_hist_avg_delay,-0.0414,month,-0.0338
152,distance_x_carrier_risk,0.0545,carrier_id,0.0249,carrier_hist_otif,0.0192,lane_hist_otif,-0.0516,month,-0.0335,lane_hist_avg_delay,-0.0332
3580,distance_x_carrier_risk,0.0541,carrier_hist_otif,0.0444,carrier_id,0.0251,cost_per_mile_quoted,-0.0457,weight_lbs,-0.0316,weight_util_ratio,-0.0303
1109,service_sensitivity,-0.0009,planned_transit_days,-0.0013,volume_band,-0.0014,distance_x_carrier_risk,-0.1509,carrier_hist_otif,-0.0811,cost_per_mile_quoted,-0.047
2859,distance_x_carrier_risk,0.0478,carrier_hist_otif,0.0339,carrier_id,0.0322,quoted_cost,-0.0424,cost_per_mile_quoted,-0.025,lane_id,-0.0214
3767,strategic_priority,-0.0012,priority_flag,-0.0013,service_sensitivity,-0.0019,distance_x_carrier_risk,-0.096,carrier_hist_otif,-0.0381,utilization_pct,-0.0319
523,service_sensitivity,-0.001,volume_band,-0.0014,strategic_priority,-0.0018,distance_x_carrier_risk,-0.1106,carrier_hist_otif,-0.0882,cost_per_mile_quoted,-0.0376
2353,distance_miles,0.0029,planned_transit_days,0.0011,lane_id,0.0002,carrier_hist_otif,-0.0497,lane_carrier_hist_otif,-0.046,carrier_hist_exception_rate,-0.0402
3215,carrier_hist_otif,0.0371,utilization_pct,0.0219,carrier_id,0.0089,quoted_cost,-0.0426,lane_carrier_hist_otif,-0.0255,cost_per_mile_quoted,-0.0216
1233,carrier_hist_otif,0.0478,distance_x_carrier_risk,0.0422,carrier_id,0.0404,lane_hist_avg_delay,-0.0591,distance_miles,-0.0233,lane_hist_otif,-0.0229
886,distance_miles,0.0021,volume_band,0.0001,weight_util_ratio,0.0001,distance_x_carrier_risk,-0.1198,carrier_hist_otif,-0.0766,cost_per_mile_quoted,-0.046
3871,utilization_pct,0.0325,distance_miles,0.0113,planned_transit_days,0.0089,carrier_hist_otif,-0.0817,distance_x_carrier_risk,-0.0528,lane_carrier_hist_otif,-0.0431
3488,distance_x_carrier_risk,0.0605,carrier_hist_otif,0.0463,carrier_id,0.0337,utilization_pct,-0.0412,quoted_cost,-0.0243,lane_hist_avg_delay,-0.022
1523,distance_x_carrier_risk,0.0456,carrier_hist_otif,0.0263,month,0.0092,lane_carrier_hist_otif,-0.0669,lane_hist_otif,-0.0467,weight_lbs,-0.0315
3235,utilization_pct,0.0339,distance_x_carrier_risk,0.0269,lane_id,0.0239,carrier_hist_exception_rate,-0.0231,weight_util_ratio,-0.017,quoted_cost,-0.0136
1283,weight_lbs,0.0017,priority_flag,0.0011,service_sensitivity,0.0001,distance_x_carrier_risk,-0.1169,carrier_hist_otif,-0.076,quoted_cost,-0.0427
255,weight_util_ratio,0.0411,weight_lbs,0.0384,priority_flag,0.0009,distance_x_carrier_risk,-0.0815,carrier_hist_otif,-0.0671,quoted_cost,-0.0389
1857,distance_x_carrier_risk,0.0562,carrier_id,0.0283,carrier_hist_otif,0.0061,weight_lbs,-0.0311,lane_hist_otif,-0.0304,cost_per_mile_quoted,-0.0292
695,lane_id,0.0013,priority_flag,0.0006,quarter,-0.0002,distance_x_carrier_risk,-0.0951,carrier_hist_otif,-0.0622,lane_carrier_hist_otif,-0.0383
2158,distance_miles,0.0066,volume_band,0.0008,planned_transit_days,-0.0008,distance_x_carrier_risk,-0.0723,carrier_hist_otif,-0.055,utilization_pct,-0.0476
3629,lane_hist_otif,-0.0,strategic_priority,-0.0012,service_sensitivity,-0.0014,distance_x_carrier_risk,-0.1028,carrier_hist_otif,-0.0438,distance_miles,-0.0271
1670,distance_miles,0.0032,planned_transit_days,0.0001,month,-0.0007,carrier_hist_otif,-0.0656,lane_carrier_hist_otif,-0.0516,carrier_hist_exception_rate,-0.0387
1669,carrier_hist_otif,0.0363,carrier_id,0.0191,priority_flag,-0.0003,quoted_cost,-0.072,lane_hist_otif,-0.0371,lane_carrier_hist_otif,-0.0357
2475,service_sensitivity,-0.0013,volume_band,-0.0014,strategic_priority,-0.0014,distance_x_carrier_risk,-0.1019,carrier_hist_otif,-0.078,quoted_cost,-0.0272
1222,month,0.0011,quarter,-0.0,service_sensitivity,-0.0005,distance_x_carrier_risk,-0.0989,carrier_hist_otif,-0.0729,lane_carrier_hist_otif,-0.0287
1031,lane_carrier_hist_otif,0.0193,lane_hist_otif,0.0152,distance_x_carrier_risk,0.0138,utilization_pct,-0.0225,quoted_cost,-0.0199,weight_lbs,-0.0111
2116,service_sensitivity,-0.0007,strategic_priority,-0.001,priority_flag,-0.0015,distance_x_carrier_risk,-0.0839,carrier_hist_exception_rate,-0.0355,quoted_cost,-0.0323
1321,distance_x_carrier_risk,0.0644,carrier_hist_otif,0.044,carrier_id,0.0287,carrier_hist_exception_rate,-0.0534,weight_util_ratio,-0.028,weight_lbs,-0.0243
480,service_sensitivity,-0.0007,strategic_priority,-0.0009,volume_band,-0.0012,carrier_hist_otif,-0.0755,quoted_cost,-0.0546,lane_hist_otif,-0.0369
2996,utilization_pct,0.0658,quoted_cost,0.0319,base_risk_band,0.0182,carrier_hist_otif,-0.0386,carrier_hist_exception_rate,-0.0295,weight_util_ratio,-0.0254
1792,distance_x_carrier_risk,0.04,carrier_hist_otif,0.0092,month,0.0088,carrier_hist_exception_rate,-0.0572,lane_hist_otif,-0.0521,weight_lbs,-0.0409
698,quarter,0.0045,volume_band,-0.0004,service_sensitivity,-0.0004,carrier_hist_otif,-0.0598,quoted_cost,-0.0415,lane_carrier_hist_otif,-0.0407
2795,priority_flag,0.0007,strategic_priority,-0.0008,lane_id,-0.0009,distance_x_carrier_risk,-0.1109,carrier_hist_otif,-0.0521,quoted_cost,-0.0373
1087,quarter,-0.0003,service_sensitivity,-0.0008,strategic_priority,-0.0015,distance_x_carrier_risk,-0.1193,carrier_hist_otif,-0.0775,cost_per_mile_quoted,-0.0329
3614,month,0.0073,quarter,0.0013,planned_transit_days,0.0011,distance_x_carrier_risk,-0.124,carrier_hist_otif,-0.0814,cost_per_mile_quoted,-0.0481
3471,distance_x_carrier_risk,0.0809,carrier_hist_otif,0.0505,quoted_cost,0.0401,weight_util_ratio,-0.0204,cost_per_mile_quoted,-0.0052,weight_lbs,-0.0048
3366,quarter,0.0002,priority_flag,-0.001,strategic_priority,-0.001,distance_x_carrier_risk,-0.0452,carrier_hist_otif,-0.0436,utilization_pct,-0.0322
1693,distance_miles,0.0101,lane_id,0.0031,strategic_priority,0.0014,carrier_hist_otif,-0.0632,carrier_hist_exception_rate,-0.0463,lane_hist_avg_delay,-0.0351
3361,carrier_hist_otif,0.0558,distance_x_carrier_risk,0.055,carrier_id,0.0507,distance_miles,-0.0203,utilization_pct,-0.0161,quoted_cost,-0.0157
3454,distance_x_carrier_risk,0.0443,carrier_hist_otif,0.0305,weight_util_ratio,0.0129,lane_hist_otif,-0.0556,lane_carrier_hist_otif,-0.043,cost_per_mile_quoted,-0.0261
1171,distance_x_carrier_risk,0.0438,utilization_pct,0.0299,lane_id,0.0055,cost_per_mile_quoted,-0.04,lane_carrier_hist_otif,-0.0326,quoted_cost,-0.0265
891,distance_x_carrier_risk,0.0616,carrier_hist_otif,0.0321,carrier_id,0.0243,lane_hist_avg_delay,-0.0472,weight_util_ratio,-0.0331,utilization_pct,-0.028
3135,distance_x_carrier_risk,0.0765,carrier_hist_otif,0.0479,carrier_id,0.0463,weight_lbs,-0.0184,utilization_pct,-0.0142,month,-0.0083
1981,carrier_id,0.0359,distance_x_carrier_risk,0.0329,carrier_hist_otif,0.0153,lane_hist_avg_delay,-0.0387,quoted_cost,-0.0314,lane_id,-0.0269
1412,quarter,0.0026,month,0.0021,lane_id,0.0018,carrier_hist_otif,-0.0708,carrier_hist_exception_rate,-0.0541,distance_x_carrier_risk,-0.0302
2264,distance_x_carrier_risk,0.0577,carrier_hist_otif,0.0392,carrier_id,0.0282,month,-0.0528,quarter,-0.0246,quoted_cost,-0.0173
2244,strategic_priority,0.0011,service_sensitivity,-0.0004,priority_flag,-0.0014,distance_x_carrier_risk,-0.0933,carrier_hist_otif,-0.0411,quoted_cost,-0.0325
3286,distance_x_carrier_risk,0.073,carrier_hist_otif,0.0509,carrier_id,0.0492,cost_per_mile_quoted,-0.0257,utilization_pct,-0.0221,weight_util_ratio,-0.0209
3249,carrier_hist_otif,0.0216,carrier_id,0.0061,priority_flag,0.0002,distance_x_carrier_risk,-0.095,quoted_cost,-0.072,lane_hist_avg_delay,-0.0435
1698,month,0.0083,distance_miles,0.0064,quarter,0.005,distance_x_carrier_risk,-0.0976,carrier_hist_otif,-0.0697,cost_per_mile_quoted,-0.0245
1309,quarter,0.0008,service_sensitivity,-0.0008,priority_flag,-0.0014,distance_x_carrier_risk,-0.1118,carrier_hist_otif,-0.0813,lane_hist_avg_delay,-0.0335
3845,utilization_pct,0.0533,lane_id,0.0074,strategic_priority,0.0037,carrier_hist_otif,-0.0474,distance_x_carrier_risk,-0.0464,lane_carrier_hist_otif,-0.044
3063,distance_x_carrier_risk,0.0538,carrier_hist_otif,0.0081,distance_miles,0.0065,lane_hist_otif,-0.0525,lane_hist_avg_delay,-0.0432,weight_lbs,-0.0326
3940,quarter,0.0007,strategic_priority,-0.0014,service_sensitivity,-0.0017,distance_x_carrier_risk,-0.1193,carrier_hist_otif,-0.0838,cost_per_mile_quoted,-0.0362
1637,distance_miles,0.0062,month,0.0025,planned_transit_days,0.0009,utilization_pct,-0.0689,carrier_hist_otif,-0.0603,lane_hist_otif,-0.0416
2348,carrier_hist_otif,0.0215,weight_util_ratio,0.0073,carrier_id,0.0052,distance_x_carrier_risk,-0.0793,quoted_cost,-0.0575,distance_miles,-0.0351
276,utilization_pct,0.0417,weight_util_ratio,0.0032,service_sensitivity,-0.001,distance_x_carrier_risk,-0.1189,carrier_hist_otif,-0.0766,carrier_hist_exception_rate,-0.0291
2570,utilization_pct,0.0426,quoted_cost,0.0282,planned_transit_days,0.0219,carrier_hist_otif,-0.0743,carrier_hist_exception_rate,-0.056,month,-0.0298
3040,carrier_hist_otif,0.0235,carrier_id,0.0064,lane_id,0.0033,quoted_cost,-0.0418,lane_hist_avg_delay,-0.0344,distance_x_carrier_risk,-0.0302
3201,distance_miles,0.0033,volume_band,-0.0009,service_sensitivity,-0.0013,distance_x_carrier_risk,-0.072,carrier_hist_otif,-0.0686,utilization_pct,-0.0631
676,distance_miles,0.0038,weight_util_ratio,0.0025,planned_transit_days,-0.0005,distance_x_carrier_risk,-0.1135,carrier_hist_otif,-0.0802,cost_per_mile_quoted,-0.048
3333,distance_miles,0.0177,quoted_cost,0.0129,planned_transit_days,0.0108,carrier_hist_otif,-0.064,carrier_hist_exception_rate,-0.0343,utilization_pct,-0.0314
942,lane_id,0.0066,strategic_priority,0.0019,priority_flag,0.0009,distance_x_carrier_risk,-0.1385,carrier_hist_otif,-0.085,cost_per_mile_quoted,-0.0456
2520,distance_x_carrier_risk,0.0518,carrier_hist_otif,0.0216,lane_hist_otif,0.008,cost_per_mile_quoted,-0.0203,quoted_cost,-0.0137,utilization_pct,-0.0135
3230,lane_id,0.0044,distance_miles,0.0024,strategic_priority,0.0023,distance_x_carrier_risk,-0.1033,carrier_hist_otif,-0.0708,cost_per_mile_quoted,-0.048
2794,distance_miles,0.0051,priority_flag,0.0019,service_sensitivity,0.0013,distance_x_carrier_risk,-0.1029,carrier_hist_otif,-0.061,lane_hist_otif,-0.0359
1094,quarter,-0.0002,service_sensitivity,-0.0009,volume_band,-0.0012,distance_x_carrier_risk,-0.1553,carrier_hist_otif,-0.0871,cost_per_mile_quoted,-0.0514
2655,distance_x_carrier_risk,0.052,carrier_hist_otif,0.0206,carrier_id,0.0098,lane_hist_otif,-0.0601,carrier_hist_exception_rate,-0.0404,utilization_pct,-0.0371
3622,distance_x_carrier_risk,0.0567,utilization_pct,0.0466,quoted_cost,0.0273,lane_hist_avg_delay,-0.0202,cost_per_mile_quoted,-0.0156,weight_util_ratio,-0.0141
2268,priority_flag,0.0013,service_sensitivity,-0.0005,strategic_priority,-0.0011,distance_x_carrier_risk,-0.0997,carrier_hist_otif,-0.0428,quoted_cost,-0.0404
2721,weight_lbs,0.0279,weight_util_ratio,0.0242,carrier_id,0.015,distance_x_carrier_risk,-0.083,lane_hist_avg_delay,-0.0424,quoted_cost,-0.042
3169,cost_per_mile_quoted,0.0211,distance_miles,0.0151,distance_x_carrier_risk,0.0076,carrier_hist_otif,-0.0332,weight_util_ratio,-0.023,lane_hist_avg_delay,-0.0193
2613,distance_x_carrier_risk,0.0661,carrier_hist_otif,0.0375,lane_carrier_hist_otif,0.0266,lane_hist_otif,-0.0293,weight_lbs,-0.0265,lane_hist_avg_delay,-0.0211
1942,distance_x_carrier_risk,0.0223,carrier_hist_otif,0.0106,planned_transit_days,0.0007,lane_carrier_hist_otif,-0.0615,lane_hist_otif,-0.0579,carrier_hist_exception_rate,-0.0418
1252,utilization_pct,0.0551,quoted_cost,0.0215,lane_hist_otif,0.0192,carrier_hist_otif,-0.064,distance_x_carrier_risk,-0.0343,lane_carrier_hist_otif,-0.0278
3966,distance_x_carrier_risk,0.063,carrier_hist_otif,0.0357,utilization_pct,0.0325,weight_util_ratio,-0.0287,month,-0.011,lane_hist_avg_delay,-0.0078
3009,priority_flag,0.0031,distance_miles,0.0018,strategic_priority,0.0017,distance_x_carrier_risk,-0.1176,carrier_hist_otif,-0.068,cost_per_mile_quoted,-0.0552
3295,carrier_hist_otif,0.0249,quarter,0.0024,service_sensitivity,0.0003,quoted_cost,-0.0432,lane_carrier_hist_otif,-0.0295,weight_util_ratio,-0.0292
1232,distance_x_carrier_risk,0.0677,utilization_pct,0.0369,lane_hist_otif,0.027,weight_util_ratio,-0.0133,cost_per_mile_quoted,-0.0108,month,-0.0088
3542,service_sensitivity,0.0019,priority_flag,0.0008,strategic_priority,-0.0006,distance_x_carrier_risk,-0.0995,carrier_hist_otif,-0.0572,quoted_cost,-0.0371
3676,distance_x_carrier_risk,0.0718,carrier_hist_otif,0.0534,carrier_id,0.034,weight_lbs,-0.0354,weight_util_ratio,-0.0336,utilization_pct,-0.0166
3903,distance_x_carrier_risk,0.0635,carrier_id,0.0386,carrier_hist_otif,0.0325,weight_lbs,-0.0385,lane_hist_otif,-0.0254,utilization_pct,-0.0254
2758,distance_x_carrier_risk,0.0668,carrier_hist_otif,0.0298,lane_carrier_hist_otif,0.0111,utilization_pct,-0.0371,lane_hist_otif,-0.0303,weight_util_ratio,-0.0262
2013,utilization_pct,0.0392,service_sensitivity,-0.0007,priority_flag,-0.0011,distance_x_carrier_risk,-0.1156,carrier_hist_otif,-0.0662,cost_per_mile_quoted,-0.0441
1803,distance_x_carrier_risk,0.0563,carrier_id,0.0302,carrier_hist_otif,0.0177,carrier_hist_exception_rate,-0.0463,utilization_pct,-0.0217,cost_per_mile_quoted,-0.0129
2745,priority_flag,0.0008,quarter,0.0,service_sensitivity,-0.0007,distance_x_carrier_risk,-0.1044,carrier_hist_otif,-0.0586,utilization_pct,-0.0371
3109,quarter,-0.0001,service_sensitivity,-0.0008,strategic_priority,-0.0013,distance_x_carrier_risk,-0.1217,carrier_hist_otif,-0.0813,cost_per_mile_quoted,-0.0389
1533,carrier_hist_otif,0.0368,carrier_id,0.006,strategic_priority,0.0013,quoted_cost,-0.0375,distance_x_carrier_risk,-0.0295,lane_hist_otif,-0.0291
2131,distance_x_carrier_risk,0.0492,carrier_hist_otif,0.0197,carrier_id,0.0075,lane_hist_otif,-0.0472,carrier_hist_exception_rate,-0.0453,weight_lbs,-0.0364
3401,carrier_hist_otif,0.0237,distance_x_carrier_risk,0.0076,lane_id,0.0032,lane_carrier_hist_otif,-0.055,quoted_cost,-0.0267,lane_hist_avg_delay,-0.0237
2583,distance_x_carrier_risk,0.0668,carrier_hist_otif,0.0422,lane_id,0.0304,month,-0.0238,weight_util_ratio,-0.02,weight_lbs,-0.0115
2008,distance_x_carrier_risk,0.0575,carrier_id,0.0307,carrier_hist_otif,0.0269,weight_lbs,-0.0373,lane_hist_otif,-0.0249,utilization_pct,-0.0203
1091,distance_x_carrier_risk,0.0594,carrier_hist_otif,0.0295,cost_per_mile_quoted,0.008,lane_carrier_hist_otif,-0.0625,utilization_pct,-0.0329,weight_util_ratio,-0.0186
3911,distance_x_carrier_risk,0.0375,carrier_hist_otif,0.021,cost_per_mile_quoted,0.0006,lane_carrier_hist_otif,-0.0672,lane_hist_otif,-0.0553,weight_lbs,-0.0319
1737,month,0.0008,priority_flag,0.0006,service_sensitivity,0.0001,distance_x_carrier_risk,-0.1044,carrier_hist_otif,-0.0712,quoted_cost,-0.0428
130,distance_miles,0.0057,planned_transit_days,-0.0006,service_sensitivity,-0.001,utilization_pct,-0.0598,carrier_hist_exception_rate,-0.0589,carrier_hist_otif,-0.0424
